Date,Visitor,GV,Home,GH
2015-04-15,Chicago Blackhawks,4,Nashville Predators,3
2015-04-15,Ottawa Senators,3,Montreal Canadiens,4
2015-04-15,New York Islanders,4,Washington Capitals,1
2015-04-15,Calgary Flames,2,Vancouver Canucks,1
2015-04-16,Winnipeg Jets,2,Anaheim Ducks,4
2015-04-16,Detroit Red Wings,3,Tampa Bay Lightning,2
2015-04-16,Pittsburgh Penguins,1,New York Rangers,2
2015-04-16,Minnesota Wild,4,St. Louis Blues,2
2015-04-17,Ottawa Senators,2,Montreal Canadiens,3
2015-04-17,Chicago Blackhawks,2,Nashville Predators,6
2015-04-17,Calgary Flames,1,Vancouver Canucks,4
2015-04-17,New York Islanders,3,Washington Capitals,4
2015-04-18,Detroit Red Wings,1,Tampa Bay Lightning,5
2015-04-18,Minnesota Wild,1,St. Louis Blues,4
2015-04-18,Pittsburgh Penguins,4,New York Rangers,3
2015-04-18,Winnipeg Jets,1,Anaheim Ducks,2
2015-04-19,Vancouver Canucks,2,Calgary Flames,4
2015-04-19,Nashville Predators,2,Chicago Blackhawks,4
2015-04-19,Washington Capitals,1,New York Islanders,2
2015-04-19,Montreal Canadiens,2,Ottawa Senators,1
2015-04-20,St. Louis Blues,0,Minnesota Wild,3
2015-04-20,New York Rangers,2,Pittsburgh Penguins,1
2015-04-20,Anaheim Ducks,5,Winnipeg Jets,4
2015-04-21,Washington Capitals,2,New York Islanders,1
2015-04-21,Nashville Predators,2,Chicago Blackhawks,3
2015-04-21,Vancouver Canucks,1,Calgary Flames,3
2015-04-21,Tampa Bay Lightning,0,Detroit Red Wings,3
2015-04-22,St. Louis Blues,6,Minnesota Wild,1
2015-04-22,Montreal Canadiens,0,Ottawa Senators,1
2015-04-22,New York Rangers,2,Pittsburgh Penguins,1
2015-04-22,Anaheim Ducks,5,Winnipeg Jets,2
2015-04-23,Tampa Bay Lightning,3,Detroit Red Wings,2
2015-04-23,Chicago Blackhawks,2,Nashville Predators,5
2015-04-23,Calgary Flames,1,Vancouver Canucks,2
2015-04-23,New York Islanders,1,Washington Capitals,5
2015-04-24,Ottawa Senators,5,Montreal Canadiens,1
2015-04-24,Minnesota Wild,4,St. Louis Blues,1
2015-04-24,Pittsburgh Penguins,1,New York Rangers,2
2015-04-25,Vancouver Canucks,4,Calgary Flames,7
2015-04-25,Nashville Predators,3,Chicago Blackhawks,4
2015-04-25,Washington Capitals,1,New York Islanders,3
2015-04-25,Detroit Red Wings,4,Tampa Bay Lightning,0
2015-04-26,St. Louis Blues,1,Minnesota Wild,4
2015-04-26,Montreal Canadiens,2,Ottawa Senators,0
2015-04-27,Tampa Bay Lightning,5,Detroit Red Wings,2
2015-04-27,New York Islanders,1,Washington Capitals,2
2015-04-29,Detroit Red Wings,0,Tampa Bay Lightning,2
2015-04-30,Washington Capitals,2,New York Rangers,1
2015-04-30,Calgary Flames,1,Anaheim Ducks,6
2015-05-01,Minnesota Wild,3,Chicago Blackhawks,4
2015-05-01,Tampa Bay Lightning,2,Montreal Canadiens,1
2015-05-02,Washington Capitals,2,New York Rangers,3
2015-05-03,Calgary Flames,0,Anaheim Ducks,3
2015-05-03,Minnesota Wild,1,Chicago Blackhawks,4
2015-05-03,Tampa Bay Lightning,6,Montreal Canadiens,2
2015-05-04,New York Rangers,0,Washington Capitals,1
2015-05-05,Chicago Blackhawks,1,Minnesota Wild,0
2015-05-05,Anaheim Ducks,3,Calgary Flames,4
2015-05-06,Montreal Canadiens,1,Tampa Bay Lightning,2
2015-05-06,New York Rangers,1,Washington Capitals,2
2015-05-07,Chicago Blackhawks,4,Minnesota Wild,3
2015-05-07,Montreal Canadiens,6,Tampa Bay Lightning,2
2015-05-08,Anaheim Ducks,4,Calgary Flames,2
2015-05-08,Washington Capitals,1,New York Rangers,2
2015-05-09,Tampa Bay Lightning,1,Montreal Canadiens,2
2015-05-10,Calgary Flames,2,Anaheim Ducks,3
2015-05-10,New York Rangers,4,Washington Capitals,3
2015-05-12,Montreal Canadiens,1,Tampa Bay Lightning,4
2015-05-13,Washington Capitals,1,New York Rangers,2
2015-05-16,Tampa Bay Lightning,1,New York Rangers,2
2015-05-17,Chicago Blackhawks,1,Anaheim Ducks,4
2015-05-18,Tampa Bay Lightning,6,New York Rangers,2
2015-05-19,Chicago Blackhawks,3,Anaheim Ducks,2
2015-05-20,New York Rangers,5,Tampa Bay Lightning,6
2015-05-21,Anaheim Ducks,2,Chicago Blackhawks,1
2015-05-22,New York Rangers,5,Tampa Bay Lightning,1
2015-05-23,Anaheim Ducks,4,Chicago Blackhawks,5
2015-05-24,Tampa Bay Lightning,2,New York Rangers,0
2015-05-25,Chicago Blackhawks,4,Anaheim Ducks,5
2015-05-26,New York Rangers,7,Tampa Bay Lightning,3
2015-05-27,Anaheim Ducks,2,Chicago Blackhawks,5
2015-05-29,Tampa Bay Lightning,2,New York Rangers,0
2015-05-30,Chicago Blackhawks,5,Anaheim Ducks,3
2015-06-03,Chicago Blackhawks,2,Tampa Bay Lightning,1
2015-06-06,Chicago Blackhawks,3,Tampa Bay Lightning,4
2015-06-08,Tampa Bay Lightning,3,Chicago Blackhawks,2
2015-06-10,Tampa Bay Lightning,1,Chicago Blackhawks,2
2015-06-13,Chicago Blackhawks,2,Tampa Bay Lightning,1
2015-06-15,Tampa Bay Lightning,0,Chicago Blackhawks,2