Date,Visitor,GV,Home,GH
2009-04-15,Philadelphia Flyers,1,Pittsburgh Penguins,4
2009-04-15,Carolina Hurricanes,1,New Jersey Devils,4
2009-04-15,New York Rangers,4,Washington Capitals,3
2009-04-15,St. Louis Blues,1,Vancouver Canucks,2
2009-04-16,Montreal Canadiens,2,Boston Bruins,4
2009-04-16,Calgary Flames,2,Chicago Blackhawks,3
2009-04-16,Columbus Blue Jackets,1,Detroit Red Wings,4
2009-04-16,Anaheim Ducks,2,San Jose Sharks,0
2009-04-17,Carolina Hurricanes,2,New Jersey Devils,1
2009-04-17,Philadelphia Flyers,2,Pittsburgh Penguins,3
2009-04-17,St. Louis Blues,0,Vancouver Canucks,3
2009-04-18,New York Rangers,1,Washington Capitals,0
2009-04-18,Columbus Blue Jackets,0,Detroit Red Wings,4
2009-04-18,Calgary Flames,2,Chicago Blackhawks,3
2009-04-18,Montreal Canadiens,1,Boston Bruins,5
2009-04-19,New Jersey Devils,3,Carolina Hurricanes,2
2009-04-19,Pittsburgh Penguins,3,Philadelphia Flyers,6
2009-04-19,Anaheim Ducks,3,San Jose Sharks,2
2009-04-19,Vancouver Canucks,3,St. Louis Blues,2
2009-04-20,Chicago Blackhawks,2,Calgary Flames,4
2009-04-20,Boston Bruins,4,Montreal Canadiens,2
2009-04-20,Washington Capitals,4,New York Rangers,0
2009-04-21,New Jersey Devils,3,Carolina Hurricanes,4
2009-04-21,Vancouver Canucks,3,St. Louis Blues,2
2009-04-21,Pittsburgh Penguins,3,Philadelphia Flyers,1
2009-04-21,San Jose Sharks,4,Anaheim Ducks,3
2009-04-21,Detroit Red Wings,4,Columbus Blue Jackets,1
2009-04-22,Chicago Blackhawks,4,Calgary Flames,6
2009-04-22,Boston Bruins,4,Montreal Canadiens,1
2009-04-22,Washington Capitals,1,New York Rangers,2
2009-04-23,San Jose Sharks,0,Anaheim Ducks,4
2009-04-23,Detroit Red Wings,6,Columbus Blue Jackets,5
2009-04-23,Carolina Hurricanes,0,New Jersey Devils,1
2009-04-23,Philadelphia Flyers,3,Pittsburgh Penguins,0
2009-04-24,New York Rangers,0,Washington Capitals,4
2009-04-25,Calgary Flames,1,Chicago Blackhawks,5
2009-04-25,Pittsburgh Penguins,5,Philadelphia Flyers,3
2009-04-25,Anaheim Ducks,2,San Jose Sharks,3
2009-04-26,New Jersey Devils,0,Carolina Hurricanes,4
2009-04-26,Washington Capitals,5,New York Rangers,3
2009-04-27,San Jose Sharks,1,Anaheim Ducks,4
2009-04-27,Chicago Blackhawks,4,Calgary Flames,1
2009-04-28,New York Rangers,1,Washington Capitals,2
2009-04-28,Carolina Hurricanes,4,New Jersey Devils,3
2009-04-30,Chicago Blackhawks,3,Vancouver Canucks,5
2009-05-01,Anaheim Ducks,2,Detroit Red Wings,3
2009-05-01,Carolina Hurricanes,1,Boston Bruins,4
2009-05-02,Chicago Blackhawks,6,Vancouver Canucks,3
2009-05-02,Pittsburgh Penguins,2,Washington Capitals,3
2009-05-03,Carolina Hurricanes,3,Boston Bruins,0
2009-05-03,Anaheim Ducks,4,Detroit Red Wings,3
2009-05-04,Pittsburgh Penguins,3,Washington Capitals,4
2009-05-05,Detroit Red Wings,1,Anaheim Ducks,2
2009-05-05,Vancouver Canucks,3,Chicago Blackhawks,1
2009-05-06,Washington Capitals,2,Pittsburgh Penguins,3
2009-05-06,Boston Bruins,2,Carolina Hurricanes,3
2009-05-07,Detroit Red Wings,6,Anaheim Ducks,3
2009-05-07,Vancouver Canucks,1,Chicago Blackhawks,2
2009-05-08,Boston Bruins,1,Carolina Hurricanes,4
2009-05-08,Washington Capitals,3,Pittsburgh Penguins,5
2009-05-09,Chicago Blackhawks,4,Vancouver Canucks,2
2009-05-09,Pittsburgh Penguins,4,Washington Capitals,3
2009-05-10,Carolina Hurricanes,0,Boston Bruins,4
2009-05-10,Anaheim Ducks,1,Detroit Red Wings,4
2009-05-11,Washington Capitals,5,Pittsburgh Penguins,4
2009-05-11,Vancouver Canucks,5,Chicago Blackhawks,7
2009-05-12,Detroit Red Wings,1,Anaheim Ducks,2
2009-05-12,Boston Bruins,4,Carolina Hurricanes,2
2009-05-13,Pittsburgh Penguins,6,Washington Capitals,2
2009-05-14,Carolina Hurricanes,3,Boston Bruins,2
2009-05-14,Anaheim Ducks,3,Detroit Red Wings,4
2009-05-17,Chicago Blackhawks,2,Detroit Red Wings,5
2009-05-18,Carolina Hurricanes,2,Pittsburgh Penguins,3
2009-05-19,Chicago Blackhawks,2,Detroit Red Wings,3
2009-05-21,Carolina Hurricanes,4,Pittsburgh Penguins,7
2009-05-22,Detroit Red Wings,3,Chicago Blackhawks,4
2009-05-23,Pittsburgh Penguins,6,Carolina Hurricanes,2
2009-05-24,Detroit Red Wings,6,Chicago Blackhawks,1
2009-05-26,Pittsburgh Penguins,4,Carolina Hurricanes,1
2009-05-27,Chicago Blackhawks,1,Detroit Red Wings,2
2009-05-30,Pittsburgh Penguins,1,Detroit Red Wings,3
2009-05-31,Pittsburgh Penguins,1,Detroit Red Wings,3
2009-06-02,Detroit Red Wings,2,Pittsburgh Penguins,4
2009-06-04,Detroit Red Wings,2,Pittsburgh Penguins,4
2009-06-06,Pittsburgh Penguins,0,Detroit Red Wings,5
2009-06-09,Detroit Red Wings,1,Pittsburgh Penguins,2
2009-06-12,Pittsburgh Penguins,2,Detroit Red Wings,1