Date,Visitor,GV,Home,GH
2007-04-11,San Jose Sharks,5,Nashville Predators,4
2007-04-11,Minnesota Wild,1,Anaheim Ducks,2
2007-04-11,Dallas Stars,4,Vancouver Canucks,5
2007-04-11,Pittsburgh Penguins,3,Ottawa Senators,6
2007-04-12,New York Rangers,4,Atlanta Thrashers,3
2007-04-12,New York Islanders,1,Buffalo Sabres,4
2007-04-12,Calgary Flames,1,Detroit Red Wings,4
2007-04-12,Tampa Bay Lightning,3,New Jersey Devils,5
2007-04-13,Minnesota Wild,2,Anaheim Ducks,3
2007-04-13,San Jose Sharks,2,Nashville Predators,5
2007-04-13,Dallas Stars,2,Vancouver Canucks,0
2007-04-14,Pittsburgh Penguins,4,Ottawa Senators,3
2007-04-14,Tampa Bay Lightning,3,New Jersey Devils,2
2007-04-14,New York Islanders,3,Buffalo Sabres,2
2007-04-14,New York Rangers,2,Atlanta Thrashers,1
2007-04-15,Vancouver Canucks,2,Dallas Stars,1
2007-04-15,Calgary Flames,1,Detroit Red Wings,3
2007-04-15,Anaheim Ducks,2,Minnesota Wild,1
2007-04-15,Ottawa Senators,4,Pittsburgh Penguins,2
2007-04-16,Buffalo Sabres,3,New York Islanders,2
2007-04-16,Nashville Predators,1,San Jose Sharks,3
2007-04-16,New Jersey Devils,2,Tampa Bay Lightning,3
2007-04-17,Detroit Red Wings,2,Calgary Flames,3
2007-04-17,Ottawa Senators,2,Pittsburgh Penguins,1
2007-04-17,Atlanta Thrashers,0,New York Rangers,7
2007-04-17,Anaheim Ducks,1,Minnesota Wild,4
2007-04-17,Vancouver Canucks,2,Dallas Stars,1
2007-04-18,Buffalo Sabres,4,New York Islanders,2
2007-04-18,Atlanta Thrashers,2,New York Rangers,4
2007-04-18,Nashville Predators,2,San Jose Sharks,3
2007-04-18,New Jersey Devils,4,Tampa Bay Lightning,3
2007-04-19,Minnesota Wild,1,Anaheim Ducks,4
2007-04-19,Detroit Red Wings,2,Calgary Flames,3
2007-04-19,Pittsburgh Penguins,0,Ottawa Senators,3
2007-04-19,Dallas Stars,1,Vancouver Canucks,0
2007-04-20,New York Islanders,3,Buffalo Sabres,4
2007-04-20,Tampa Bay Lightning,0,New Jersey Devils,3
2007-04-20,San Jose Sharks,3,Nashville Predators,2
2007-04-21,Vancouver Canucks,0,Dallas Stars,2
2007-04-21,Calgary Flames,1,Detroit Red Wings,5
2007-04-22,Detroit Red Wings,2,Calgary Flames,1
2007-04-22,New Jersey Devils,3,Tampa Bay Lightning,2
2007-04-23,Dallas Stars,1,Vancouver Canucks,4
2007-04-25,New York Rangers,2,Buffalo Sabres,5
2007-04-25,Vancouver Canucks,1,Anaheim Ducks,5
2007-04-26,San Jose Sharks,2,Detroit Red Wings,0
2007-04-26,Ottawa Senators,5,New Jersey Devils,4
2007-04-27,Vancouver Canucks,2,Anaheim Ducks,1
2007-04-27,New York Rangers,2,Buffalo Sabres,3
2007-04-28,San Jose Sharks,2,Detroit Red Wings,3
2007-04-28,Ottawa Senators,2,New Jersey Devils,3
2007-04-29,Anaheim Ducks,3,Vancouver Canucks,2
2007-04-29,Buffalo Sabres,1,New York Rangers,2
2007-04-30,New Jersey Devils,0,Ottawa Senators,2
2007-04-30,Detroit Red Wings,1,San Jose Sharks,2
2007-05-01,Buffalo Sabres,1,New York Rangers,2
2007-05-01,Anaheim Ducks,3,Vancouver Canucks,2
2007-05-02,New Jersey Devils,2,Ottawa Senators,3
2007-05-02,Detroit Red Wings,3,San Jose Sharks,2
2007-05-03,Vancouver Canucks,1,Anaheim Ducks,2
2007-05-04,New York Rangers,1,Buffalo Sabres,2
2007-05-05,San Jose Sharks,1,Detroit Red Wings,4
2007-05-05,Ottawa Senators,3,New Jersey Devils,2
2007-05-06,Buffalo Sabres,5,New York Rangers,4
2007-05-07,Detroit Red Wings,2,San Jose Sharks,0
2007-05-10,Ottawa Senators,5,Buffalo Sabres,2
2007-05-11,Anaheim Ducks,1,Detroit Red Wings,2
2007-05-12,Ottawa Senators,4,Buffalo Sabres,3
2007-05-13,Anaheim Ducks,4,Detroit Red Wings,3
2007-05-14,Buffalo Sabres,0,Ottawa Senators,1
2007-05-15,Detroit Red Wings,5,Anaheim Ducks,0
2007-05-16,Buffalo Sabres,3,Ottawa Senators,2
2007-05-17,Detroit Red Wings,3,Anaheim Ducks,5
2007-05-19,Ottawa Senators,3,Buffalo Sabres,2
2007-05-20,Anaheim Ducks,2,Detroit Red Wings,1
2007-05-22,Detroit Red Wings,3,Anaheim Ducks,4
2007-05-28,Ottawa Senators,2,Anaheim Ducks,3
2007-05-30,Ottawa Senators,0,Anaheim Ducks,1
2007-06-02,Anaheim Ducks,3,Ottawa Senators,5
2007-06-04,Anaheim Ducks,3,Ottawa Senators,2
2007-06-06,Ottawa Senators,2,Anaheim Ducks,6