,year,Rk,TeamName,AvAge,GP,W,L,OL,PTS,PTS%,GF,GA,SOW,SOL,SRS,SOS,GF/G,GA/G,PP,PPO,PP%,PPA,PPOA,PK%,SH,SHA,PIM/G,oPIM/G,S,SA,SO,S%,SV%,PDO,CF,CA,CF%,FF,FA,FF%,xGF,xGA,aGF,aGA,axDiff,SCF,SCA,SCF%,HDF,HDA,HDF%,HDGF,HDC%,HDGA,HDCO%
0,19-20,27,Anaheim Ducks,27.8,71,29,33,9,67,0.472,182,225,5,1,-0.53,0.02,2.56,3.17,27,184,14.67,49,213,77.0,10,5,10.2,8.5,2106,2282,1,7.2,0.924,99.6,3112,3329,48.3,2385,2556,48.3,138.3,153.5,129,148,-4,1463,1606,47.7,407,478,46.0,46,10.2,69,12.6
1,19-20,22,Arizona Coyotes,28.2,70,33,29,8,74,0.529,190,183,5,4,0.11,0.0,2.71,2.61,41,214,19.16,34,197,82.74,5,5,6.5,7.4,2220,2270,4,7.0,0.933,100.3,3111,3328,48.3,2359,2526,48.3,140.1,142.0,129,126,5,1407,1548,47.6,465,461,50.2,58,11.1,59,11.3
2,19-20,1,Boston Bruins,29.1,70,44,14,12,100,0.714,227,167,0,7,0.74,-0.02,3.24,2.39,57,226,25.22,34,215,84.19,5,7,9.7,10.5,2247,2103,8,7.8,0.937,101.5,3003,2905,50.8,2287,2208,50.9,132.3,123.3,141,106,26,1366,1307,51.1,368,405,47.6,62,14.4,48,10.6
3,19-20,26,Buffalo Sabres,26.5,69,30,31,8,68,0.493,193,215,2,2,-0.34,-0.03,2.8,3.12,37,196,18.88,47,185,74.59,5,11,6.9,6.9,2021,2148,3,7.7,0.925,100.2,2795,2902,49.1,2150,2277,48.6,128.2,140.6,129,136,5,1303,1361,48.9,392,405,49.2,61,13.5,65,13.8
4,19-20,16,Calgary Flames,27.7,70,36,27,7,79,0.564,204,214,6,1,-0.08,-0.01,2.91,3.06,41,193,21.24,35,196,82.14,6,9,8.8,8.5,2212,2271,4,7.1,0.923,99.4,3285,3246,50.3,2465,2496,49.7,147.9,146.2,133,149,-18,1555,1493,51.0,453,426,51.5,64,12.4,50,10.5
5,19-20,13,Carolina Hurricanes,26.7,68,38,25,5,81,0.596,217,193,5,0,0.41,-0.02,3.19,2.84,46,206,22.33,39,243,83.95,10,4,8.6,8.4,2261,1994,6,7.6,0.919,99.5,3194,2692,54.3,2415,2090,53.6,145.8,136.0,142,136,-4,1516,1301,53.8,508,401,55.9,65,11.3,56,12.3
6,19-20,23,Chicago Blackhawks,28.1,70,32,30,8,72,0.514,208,214,4,4,-0.05,0.04,2.97,3.06,33,217,15.21,37,207,82.13,6,8,7.8,8.2,2227,2458,1,7.9,0.928,100.7,3082,3258,48.6,2269,2440,48.2,154.6,172.5,146,147,17,1505,1645,47.8,449,524,46.1,64,12.5,66,11.2
7,19-20,4,Colorado Avalanche,26.8,70,42,20,8,92,0.657,236,190,1,1,0.64,-0.02,3.37,2.71,46,241,19.09,39,210,81.43,8,6,8.5,10.0,2257,2193,4,8.4,0.934,101.9,3242,3034,51.7,2379,2244,51.5,146.1,135.6,162,117,35,1467,1367,51.8,428,411,51.0,52,10.8,53,11.4
8,19-20,11,Columbus Blue Jackets,26.2,70,33,22,15,81,0.579,180,183,0,4,-0.12,-0.02,2.57,2.61,31,189,16.4,31,169,81.66,3,5,6.5,6.6,2272,2092,7,6.4,0.933,99.6,3116,3223,49.2,2413,2325,50.9,139.8,128.9,125,122,-8,1386,1380,50.1,393,382,50.7,50,11.3,53,12.2
9,19-20,10,Dallas Stars,29.4,69,37,24,8,82,0.594,178,174,2,3,0.09,0.05,2.58,2.52,42,199,21.11,44,217,79.72,5,4,8.2,7.4,2113,2177,2,6.3,0.936,99.9,2989,3054,49.5,2196,2249,49.4,143.7,136.2,109,112,-11,1474,1373,51.8,460,421,52.2,58,11.2,53,11.2
10,19-20,31,Detroit Red Wings,28.6,71,17,49,5,39,0.275,142,265,3,2,-1.7,0.02,2.0,3.73,32,215,14.88,58,226,74.34,4,13,8.4,8.1,1924,2329,1,5.9,0.913,97.2,2653,3136,45.8,2031,2405,45.8,125.7,153.3,93,168,-47,1236,1504,45.1,354,470,43.0,44,11.1,81,14.7
11,19-20,9,Edmonton Oilers,28.0,71,37,25,9,83,0.585,223,215,2,2,0.09,-0.02,3.14,3.03,59,200,29.5,31,199,84.42,3,10,8.1,7.6,2100,2274,2,8.0,0.918,99.8,2987,3255,47.9,2255,2412,48.3,141.6,148.3,143,157,-7,1389,1505,48.0,397,448,47.0,60,13.1,66,12.8
12,19-20,19,Florida Panthers,28.2,69,35,26,8,78,0.565,228,224,3,4,0.05,0.01,3.3,3.25,45,211,21.33,40,186,78.49,4,5,7.2,8.6,2253,2227,2,8.4,0.917,100.2,3032,3076,49.6,2298,2305,49.9,139.1,148.3,159,154,14,1389,1404,49.7,401,481,45.5,63,13.6,63,11.6
13,19-20,28,Los Angeles Kings,28.6,70,29,35,6,64,0.457,177,209,1,3,-0.48,0.01,2.53,2.99,33,193,17.1,43,190,77.37,5,1,6.8,7.5,2325,2079,1,6.0,0.921,98.1,3418,3027,53.0,2585,2326,52.6,142.6,138.3,117,141,-28,1489,1506,49.7,512,448,53.3,59,10.3,63,12.3
14,19-20,21,Minnesota Wild,29.4,69,35,27,7,77,0.558,218,217,2,3,0.01,0.01,3.16,3.14,46,216,21.3,47,206,77.18,3,6,8.1,8.5,2077,2115,6,8.9,0.921,101.0,3028,3073,49.6,2267,2288,49.8,135.6,121.7,161,141,6,1316,1221,51.9,445,351,55.9,65,12.7,54,13.3
15,19-20,24,Montreal Canadiens,28.4,71,31,31,9,71,0.5,208,220,4,1,-0.12,0.01,2.93,3.1,33,186,17.74,45,211,78.67,6,5,7.7,6.7,2422,2208,4,7.0,0.923,99.3,3622,3025,54.5,2657,2280,53.8,162.8,136.4,147,141,-20,1633,1380,54.2,553,434,56.0,67,10.8,65,13.0
16,19-20,20,Nashville Predators,29.1,69,35,26,8,78,0.565,212,214,3,3,-0.03,-0.01,3.07,3.1,39,226,17.26,51,213,76.06,6,8,9.0,9.5,2287,2157,7,7.8,0.925,100.3,3272,3157,50.9,2487,2339,51.5,139.2,145.3,150,137,19,1403,1428,49.6,410,416,49.6,73,15.1,61,12.8
17,19-20,25,New Jersey Devils,26.9,69,28,29,12,68,0.493,185,224,4,6,-0.57,0.02,2.68,3.25,42,234,17.95,39,221,82.35,9,10,9.7,9.2,2117,2256,4,7.2,0.919,99.1,2805,3267,46.2,2154,2428,47.0,133.0,150.2,121,155,-17,1279,1536,45.4,361,423,46.0,53,12.8,55,11.5
18,19-20,15,New York Islanders,28.8,68,35,23,10,80,0.588,189,190,3,3,0.01,0.02,2.78,2.79,29,168,17.26,34,176,80.68,6,5,8.5,7.8,2016,2123,3,7.4,0.928,100.3,2957,3402,46.5,2167,2471,46.7,148.2,149.3,128,133,-4,1437,1507,48.8,454,461,49.6,57,11.2,65,12.4
19,19-20,17,New York Rangers,26.2,70,37,28,5,79,0.564,233,220,1,2,0.15,-0.03,3.33,3.14,52,227,22.91,52,230,77.39,8,6,11.2,10.2,2175,2381,3,8.3,0.926,100.9,2952,3361,46.8,2274,2511,47.5,144.0,152.3,151,142,17,1428,1617,46.9,422,553,43.3,59,12.3,59,9.6
20,19-20,30,Ottawa Senators,27.7,71,25,34,12,62,0.437,190,238,1,5,-0.76,-0.02,2.68,3.35,30,211,14.22,55,230,76.09,15,6,9.6,9.2,2174,2384,0,7.2,0.921,99.3,3167,3404,48.2,2392,2536,48.5,140.2,148.8,130,158,-19,1515,1545,49.5,504,473,51.6,66,11.6,68,12.6
21,19-20,6,Philadelphia Flyers,27.2,69,41,21,7,89,0.645,227,191,5,5,0.52,0.0,3.29,2.77,47,226,20.8,38,209,81.82,8,6,7.6,9.0,2166,1977,3,8.6,0.92,100.6,2953,2826,51.1,2222,2135,51.0,139.5,130.3,154,135,10,1395,1316,51.5,441,405,52.1,69,13.5,60,12.9
22,19-20,8,Pittsburgh Penguins,27.7,69,40,23,6,86,0.623,221,196,3,0,0.39,-0.02,3.2,2.84,42,211,19.91,34,190,82.11,6,5,7.5,8.2,2204,2051,4,8.1,0.922,100.2,3030,2914,51.0,2313,2180,51.5,146.0,137.0,152,138,5,1412,1316,51.8,432,414,51.1,77,15.1,61,12.8
23,19-20,29,San Jose Sharks,29.5,70,29,36,5,63,0.45,180,225,2,1,-0.62,0.01,2.57,3.21,33,189,17.46,32,224,85.71,7,6,10.3,9.4,2101,2140,2,7.0,0.91,98.0,3069,3011,50.5,2250,2250,50.0,141.0,150.9,123,161,-28,1426,1495,48.8,482,462,51.1,52,9.7,72,13.5
24,19-20,2,St. Louis Blues,28.4,71,42,19,10,94,0.662,223,190,2,3,0.47,0.02,3.14,2.68,49,202,24.26,42,203,79.31,5,6,7.2,7.4,2179,2100,5,8.1,0.932,101.3,2944,2845,50.9,2262,2196,50.7,146.1,142.2,151,117,30,1414,1459,49.2,368,447,45.2,52,12.4,47,9.5
25,19-20,3,Tampa Bay Lightning,27.7,70,43,21,6,92,0.657,243,194,2,1,0.71,0.0,3.47,2.77,49,211,23.22,43,231,81.39,6,7,10.3,9.9,2176,2165,4,8.8,0.93,101.9,3113,2856,52.2,2331,2197,51.5,149.2,135.7,162,123,26,1524,1344,53.1,485,377,56.3,73,13.1,49,11.5
26,19-20,12,Toronto Maple Leafs,26.8,70,36,25,9,81,0.579,237,222,1,5,0.15,-0.01,3.39,3.17,45,195,23.08,43,193,77.72,5,7,6.7,6.7,2302,2233,4,8.1,0.917,99.8,3406,3162,51.9,2550,2436,51.1,159.3,153.2,159,158,-5,1644,1528,51.8,490,460,51.6,69,12.3,76,14.2
27,19-20,18,Vancouver Canucks,27.5,69,36,27,6,78,0.565,224,214,4,3,0.13,-0.03,3.25,3.1,57,236,24.15,42,215,80.47,5,4,9.3,9.5,2153,2297,2,8.0,0.923,100.4,3005,3212,48.3,2275,2359,49.1,139.9,153.7,142,146,10,1454,1557,48.3,463,457,50.3,61,11.6,67,12.8
28,19-20,7,Vegas Golden Knights,29.2,71,39,24,8,86,0.606,224,209,3,2,0.21,-0.02,3.15,2.94,42,191,21.99,50,214,76.64,9,3,8.0,7.3,2450,2082,6,7.3,0.917,99.0,3531,2907,54.8,2670,2179,55.1,180.0,133.0,151,145,-41,1754,1351,56.5,545,430,55.9,66,10.8,66,13.3
29,19-20,5,Washington Capitals,29.0,69,41,20,8,90,0.652,236,212,4,3,0.41,0.04,3.42,3.07,42,216,19.44,42,241,82.57,6,9,10.1,9.5,2206,2084,1,8.6,0.92,100.5,3096,2907,51.6,2319,2202,51.3,142.2,138.7,155,141,11,1481,1327,52.7,477,456,51.1,76,13.7,58,11.3
30,19-20,14,Winnipeg Jets,26.5,71,37,28,6,80,0.563,213,201,3,2,0.17,-0.01,3.0,2.83,42,205,20.49,39,174,77.59,6,3,7.4,8.6,2222,2315,6,7.5,0.929,100.4,3140,3319,48.6,2355,2586,47.7,134.6,164.8,138,142,26,1400,1633,46.2,406,545,42.7,57,12.3,70,11.4
31,20-21,30,Anaheim Ducks,28.2,56,17,30,9,43,0.384,124,177,2,2,-0.83,0.12,2.21,3.16,11,123,8.94,33,164,79.88,2,5,8.9,7.3,1500,1712,4,7.9,0.915,99.3,2290,2398,48.8,1677,1812,48.1,101.4,120.6,100,122,-3,539,801,40.2,146,232,38.6,18,11.0,42,15.3
32,20-21,22,Arizona Coyotes,28.3,56,24,26,6,54,0.482,150,174,3,2,-0.36,0.05,2.68,3.11,37,178,20.79,32,167,80.84,2,4,8.0,8.5,1538,1706,4,7.7,0.918,99.5,2243,2380,48.5,1684,1788,48.5,103.8,121.9,98,115,1,553,803,40.8,139,210,39.8,19,12.0,30,12.5
33,20-21,10,Boston Bruins,28.7,56,33,16,7,73,0.652,164,134,4,2,0.5,-0.07,2.93,2.39,35,160,21.88,25,178,85.96,9,6,9.5,8.9,1866,1516,6,6.9,0.925,99.4,2492,2103,54.2,1957,1588,55.2,114.4,96.4,106,91,-3,567,604,48.4,140,163,46.2,18,11.4,21,11.4
34,20-21,31,Buffalo Sabres,26.9,56,15,34,7,37,0.33,134,196,4,3,-0.95,0.14,2.39,3.5,30,143,20.98,31,139,77.7,5,5,6.1,6.0,1592,1889,0,6.4,0.915,97.9,2189,2500,46.7,1720,1991,46.3,105.2,126.7,86,136,-29,527,696,43.1,149,205,42.1,19,11.3,30,12.8
35,20-21,21,Calgary Flames,28.6,56,26,27,3,55,0.491,155,160,1,1,-0.08,0.01,2.77,2.86,32,175,18.29,34,172,80.23,2,7,8.0,8.4,1689,1577,4,8.1,0.92,100.1,2371,2102,53.0,1793,1613,52.6,114.2,103.8,111,103,-2,655,527,55.4,176,136,56.4,21,10.7,25,15.5
36,20-21,3,Carolina Hurricanes,27.1,56,36,12,8,80,0.714,175,134,4,2,0.67,-0.1,3.13,2.39,42,164,25.61,26,176,85.23,7,6,7.4,7.0,1794,1581,6,7.1,0.937,100.8,2541,2180,53.8,1914,1666,53.5,121.2,111.8,105,81,15,776,566,57.8,205,136,60.1,16,7.2,13,8.7
37,20-21,20,Chicago Blackhawks,27.0,56,24,25,7,55,0.491,159,184,2,2,-0.39,0.06,2.84,3.29,38,175,21.71,35,151,76.82,3,7,6.6,7.7,1635,1888,4,7.6,0.92,99.6,2138,2519,45.9,1547,1887,45.0,114.5,137.3,99,124,-2,654,648,50.2,167,159,51.2,25,13.0,23,12.6
38,20-21,2,Colorado Avalanche,27.1,56,39,13,4,82,0.732,197,132,0,1,1.0,-0.14,3.52,2.36,47,207,22.71,30,177,83.05,1,3,8.9,10.4,1937,1423,8,8.3,0.921,100.4,2757,1908,59.1,2006,1415,58.6,131.3,89.9,131,88,2,870,419,67.5,235,102,69.7,27,10.3,12,10.5
39,20-21,28,Columbus Blue Jackets,27.1,56,18,26,12,48,0.429,134,184,3,3,-0.78,0.11,2.39,3.29,18,117,15.38,28,133,78.95,6,2,7.0,6.4,1625,1815,2,6.8,0.919,98.7,2236,2571,46.5,1714,1940,46.9,104.2,120.9,94,128,-17,480,781,38.1,106,215,33.0,12,10.2,32,13.0
40,20-21,16,Dallas Stars,28.5,56,23,19,14,60,0.536,156,148,2,6,0.06,-0.01,2.79,2.64,37,157,23.57,32,153,79.08,3,4,7.3,7.7,1699,1518,4,7.1,0.925,99.6,2424,2172,52.7,1784,1616,52.5,115.3,96.9,99,91,-10,714,492,59.2,182,115,61.3,25,12.1,22,16.1
41,20-21,27,Detroit Red Wings,29.3,56,19,27,10,48,0.429,125,168,2,3,-0.69,0.1,2.23,3.0,17,149,11.41,33,155,78.71,0,4,7.3,7.2,1528,1786,2,7.0,0.926,99.5,1979,2391,45.3,1521,1832,45.4,100.2,118.7,85,108,-5,575,554,50.9,143,128,52.8,23,13.9,19,12.9
42,20-21,11,Edmonton Oilers,28.7,56,35,19,2,72,0.643,183,154,0,0,0.44,-0.08,3.27,2.75,48,174,27.59,27,154,82.47,2,4,7.8,8.3,1674,1717,3,8.1,0.92,100.2,2328,2429,48.9,1735,1808,49.0,115.3,118.6,112,115,0,468,818,36.4,121,223,35.2,18,12.9,27,10.8
43,20-21,4,Florida Panthers,28.1,56,37,14,5,79,0.705,188,151,1,2,0.56,-0.08,3.36,2.7,39,190,20.53,34,168,79.76,4,4,10.1,10.8,1954,1682,3,7.4,0.927,100.1,2392,2066,53.7,1864,1594,53.9,131.7,104.9,114,95,-8,756,528,58.9,203,140,59.2,31,13.2,22,13.6
44,20-21,25,Los Angeles Kings,27.5,56,21,28,7,49,0.438,142,169,1,1,-0.42,0.06,2.54,3.02,32,169,18.93,26,159,83.65,3,3,7.1,8.0,1587,1746,2,7.3,0.916,98.9,2206,2385,48.1,1686,1802,48.3,105.5,125.9,96,118,-2,677,648,51.1,175,188,48.2,27,13.4,14,6.9
45,20-21,9,Minnesota Wild,29.3,56,35,16,5,75,0.67,180,159,1,1,0.33,-0.05,3.21,2.84,29,165,17.58,31,161,80.75,2,3,8.9,8.9,1585,1705,4,9.7,0.923,102.0,2114,2465,46.2,1625,1820,47.2,110.6,107.4,126,107,16,659,522,55.8,188,127,59.7,35,15.7,22,14.8
46,20-21,18,Montreal Canadiens,28.9,56,24,21,11,59,0.527,158,165,1,3,-0.14,0.02,2.82,2.95,29,151,19.21,37,172,78.49,9,2,8.3,7.5,1746,1579,1,7.0,0.919,99.0,2610,2185,54.4,1888,1629,53.7,117.9,101.1,103,101,-15,752,557,57.4,216,146,59.7,28,11.5,25,14.6
47,20-21,13,Nashville Predators,28.5,56,31,23,2,64,0.571,151,154,5,0,0.03,0.0,2.7,2.75,28,159,17.61,42,172,75.58,6,2,9.2,7.9,1679,1753,5,7.4,0.937,101.1,2313,2329,49.8,1805,1758,50.7,112.5,117.4,104,90,19,497,703,41.4,97,169,36.5,14,12.6,20,10.6
48,20-21,29,New Jersey Devils,25.9,56,19,30,7,45,0.402,145,189,0,5,-0.77,0.11,2.59,3.38,22,155,14.19,43,148,70.95,3,5,6.7,6.8,1612,1737,3,7.4,0.917,99.1,2366,2327,50.4,1787,1835,49.3,111.2,121.7,101,122,-11,560,688,44.9,146,182,44.5,19,11.5,29,13.7
49,20-21,12,New York Islanders,29.2,56,32,17,7,71,0.634,152,125,4,3,0.44,-0.06,2.71,2.23,27,144,18.75,22,135,83.7,4,0,6.6,6.8,1623,1590,10,7.9,0.935,101.4,2271,2406,48.6,1715,1757,49.4,124.3,106.6,110,88,4,541,670,44.7,140,157,47.1,17,10.8,19,10.8
50,20-21,17,New York Rangers,25.8,56,27,23,6,60,0.536,176,155,1,2,0.31,-0.05,3.14,2.77,37,179,20.67,30,169,82.25,8,4,10.1,11.0,1607,1664,5,8.7,0.925,101.2,2150,2418,47.1,1655,1827,47.5,104.7,114.7,116,106,20,677,519,56.6,187,133,58.4,25,11.8,17,11.3
51,20-21,23,Ottawa Senators,26.1,56,23,28,5,51,0.455,155,189,2,1,-0.51,0.08,2.77,3.38,27,174,15.52,36,171,78.95,7,5,9.1,9.5,1663,1799,2,7.7,0.914,99.0,2395,2518,48.7,1806,1888,48.9,104.5,118.8,105,129,-10,515,803,39.1,129,212,37.8,17,11.6,30,12.4
52,20-21,19,Philadelphia Flyers,27.8,56,25,23,8,58,0.518,160,197,3,4,-0.59,0.08,2.86,3.52,32,167,19.16,45,167,73.05,1,6,8.0,7.6,1692,1636,3,7.8,0.903,98.1,2368,2189,52.0,1771,1669,51.5,107.4,107.1,107,132,-25,695,483,59.0,193,121,61.5,30,13.5,16,11.7
53,20-21,7,Pittsburgh Penguins,28.4,56,37,16,3,77,0.688,193,155,3,1,0.62,-0.09,3.45,2.77,36,152,23.68,35,155,77.42,6,4,7.1,7.1,1684,1679,5,8.8,0.928,101.6,2250,2202,50.5,1722,1678,50.6,112.0,113.8,123,98,27,505,656,43.5,122,194,38.6,24,16.4,26,11.8
54,20-21,26,San Jose Sharks,29.0,56,21,28,7,49,0.438,146,196,5,3,-0.75,0.11,2.61,3.5,22,156,14.1,36,184,80.43,5,4,9.2,7.8,1682,1791,2,7.5,0.91,98.6,2330,2537,47.9,1758,1894,48.1,125.2,119.2,103,134,-37,604,789,43.4,167,233,41.8,22,11.6,37,13.7
55,20-21,14,St. Louis Blues,28.6,56,27,20,9,63,0.563,167,167,2,3,-0.02,0.0,2.98,2.98,36,155,23.23,38,171,77.78,6,1,8.1,7.5,1622,1670,1,7.9,0.919,99.8,2140,2342,47.7,1580,1739,47.6,97.1,108.1,102,110,3,479,724,39.8,120,194,38.2,20,14.3,27,12.2
56,20-21,8,Tampa Bay Lightning,28.4,56,36,17,3,75,0.67,180,145,1,2,0.53,-0.08,3.21,2.59,40,180,22.22,29,183,84.15,3,3,10.7,10.9,1692,1583,6,8.0,0.928,100.8,2231,2026,52.4,1702,1558,52.2,117.1,108.9,109,92,9,511,691,42.5,136,177,43.5,27,16.6,22,11.1
57,20-21,6,Toronto Maple Leafs,29.0,56,35,14,7,77,0.688,186,148,1,0,0.6,-0.1,3.32,2.64,31,155,20.0,31,144,78.47,3,7,7.0,7.4,1751,1558,3,9.0,0.927,101.7,2370,2281,51.0,1821,1701,51.7,138.2,105.8,131,95,4,833,539,60.7,206,131,61.1,38,15.6,15,10.3
58,20-21,24,Vancouver Canucks,27.7,56,23,29,4,50,0.446,148,187,3,1,-0.56,0.1,2.64,3.34,27,155,17.42,37,183,79.78,6,4,9.8,8.2,1629,1870,1,7.5,0.917,99.3,2214,2597,46.0,1675,1939,46.3,111.5,135.0,100,128,-5,658,698,48.5,177,177,50.0,28,13.7,38,17.7
59,20-21,1,Vegas Golden Knights,29.2,56,40,14,2,82,0.732,190,122,1,2,1.05,-0.15,3.39,2.18,31,174,17.82,19,144,86.81,4,2,7.3,7.9,1829,1527,7,9.0,0.926,101.6,2643,2308,53.4,1911,1657,53.6,131.0,112.9,134,96,20,879,554,61.3,266,150,63.9,40,13.1,24,13.8
60,20-21,5,Washington Capitals,30.6,56,36,15,5,77,0.688,188,161,3,2,0.44,-0.06,3.36,2.88,38,153,24.84,26,162,83.95,2,8,9.4,9.2,1647,1612,4,9.3,0.921,101.4,2350,2291,50.6,1772,1754,50.3,110.1,102.2,131,107,16,722,478,60.2,189,111,63.0,22,10.4,16,12.6
61,20-21,15,Winnipeg Jets,28.3,56,30,23,3,63,0.563,170,152,0,2,0.25,-0.04,3.04,2.71,37,161,22.98,29,149,80.54,3,3,7.2,7.9,1661,1713,5,8.1,0.928,101.0,2210,2386,48.1,1649,1789,48.0,106.7,125.2,107,98,28,686,625,52.3,172,172,50.0,25,12.7,15,8.0
62,21-22,23,Anaheim Ducks,27.9,82,31,37,14,76,0.463,228,266,4,5,-0.45,0.03,2.78,3.24,48,219,21.92,43,224,80.8,6,4,9.3,9.8,2393,2725,4,7.5,0.918,99.3,3451,3799,47.6,2627,2894,47.6,169.8,186.9,154,186,-15,1672,1828,47.8,517,542,48.8,72,12.2,61,10.1
63,21-22,31,Arizona Coyotes,28.0,82,25,50,7,57,0.348,206,309,1,4,-1.23,0.06,2.51,3.77,28,202,13.86,64,256,75.0,3,4,10.2,8.2,2121,2910,1,8.6,0.91,99.7,3118,3977,43.9,2346,3052,43.5,148.6,206.2,157,221,-6,1542,1972,43.9,480,627,43.4,66,12.1,95,13.2
64,21-22,10,Boston Bruins,28.5,82,51,26,5,107,0.652,253,218,2,2,0.38,-0.05,3.09,2.66,50,236,21.19,49,262,81.3,5,6,9.9,9.4,2962,2354,4,6.8,0.923,99.1,3820,3185,54.5,3048,2412,55.8,199.5,143.5,172,144,-28,1839,1476,55.5,588,453,56.5,80,12.0,71,13.5
65,21-22,24,Buffalo Sabres,27.5,82,32,39,11,75,0.457,229,287,3,3,-0.69,0.02,2.79,3.5,47,222,21.17,50,212,76.42,6,6,8.1,7.9,2451,2702,1,7.6,0.914,99.0,3368,3582,48.5,2583,2854,47.5,158.5,187.0,158,200,-14,1575,1788,46.8,454,558,44.9,66,12.7,82,12.8
66,21-22,6,Calgary Flames,28.8,82,50,21,11,111,0.677,291,206,2,2,0.99,-0.05,3.55,2.51,54,236,22.88,42,250,83.2,7,3,9.1,8.6,2908,2374,11,8.0,0.929,100.9,4108,3263,55.7,3139,2532,55.4,199.1,157.0,196,139,15,2040,1606,56.0,578,470,55.2,66,10.2,54,10.3
67,21-22,3,Carolina Hurricanes,28.3,82,54,20,8,116,0.707,277,200,1,2,0.88,-0.05,3.38,2.44,51,232,21.98,33,276,88.04,4,3,9.2,7.7,2798,2310,6,8.2,0.927,100.8,4038,3130,56.3,3112,2456,55.9,187.4,163.7,193,141,28,1944,1647,54.1,666,528,55.8,90,11.9,66,11.1
68,21-22,27,Chicago Blackhawks,28.0,82,28,42,12,68,0.415,213,289,6,2,-0.83,0.05,2.6,3.52,47,245,19.18,53,223,76.23,2,6,7.9,8.7,2362,2703,4,7.3,0.917,99.0,3310,3888,46.0,2413,2839,45.9,157.3,179.0,143,192,-27,1549,1860,45.4,411,496,45.3,52,11.2,79,13.7
69,21-22,2,Colorado Avalanche,28.2,82,56,19,7,119,0.726,308,232,4,2,0.91,-0.04,3.76,2.83,67,279,24.01,48,236,79.66,6,5,9.0,10.4,2874,2625,7,8.5,0.927,101.2,3847,3411,53.0,2800,2583,52.0,187.1,172.9,198,153,31,1885,1729,52.2,544,582,48.3,75,12.1,75,11.4
70,21-22,21,Columbus Blue Jackets,26.6,82,37,38,7,81,0.494,258,297,4,3,-0.44,0.02,3.15,3.62,41,220,18.64,51,238,78.57,7,6,7.7,7.2,2463,2887,2,8.5,0.915,99.9,3562,3881,47.9,2677,3038,46.8,162.7,212.4,177,214,13,1685,1960,46.2,489,566,46.4,73,13.0,71,11.1
71,21-22,15,Dallas Stars,29.4,82,46,30,6,98,0.598,233,244,5,2,-0.09,0.01,2.84,2.98,54,241,22.41,46,219,79.0,7,5,6.7,7.5,2486,2545,2,7.2,0.925,99.7,3538,3690,48.9,2650,2738,49.2,176.0,172.7,147,159,-15,1835,1732,51.4,578,516,52.8,67,10.4,64,11.0
72,21-22,25,Detroit Red Wings,26.9,82,32,40,10,74,0.451,227,310,3,2,-0.95,0.06,2.77,3.78,37,227,16.3,59,225,73.78,4,10,8.9,8.5,2414,2761,4,8.0,0.914,99.4,3203,3758,46.0,2414,2910,45.3,173.4,206.7,159,203,-11,1594,1999,44.4,485,586,45.3,65,11.8,79,11.9
73,21-22,11,Edmonton Oilers,29.1,82,49,27,6,104,0.634,285,251,5,1,0.46,0.0,3.48,3.06,61,235,25.96,52,252,79.37,11,6,8.1,7.1,2790,2647,4,7.8,0.921,99.9,3891,3515,52.5,2892,2710,51.6,192.1,182.9,181,173,-1,1833,1842,49.9,534,528,50.3,86,13.9,67,11.3
74,21-22,1,Florida Panthers,27.8,82,58,18,6,122,0.744,337,242,3,4,1.07,-0.08,4.11,2.95,64,262,24.43,53,259,79.54,12,8,10.1,10.8,3062,2515,5,8.5,0.919,100.4,4142,3178,56.6,3101,2410,56.3,231.9,171.7,218,161,-3,2253,1714,56.8,706,597,54.2,90,11.3,64,9.7
75,21-22,14,Los Angeles Kings,28.0,82,44,27,11,99,0.604,235,232,4,4,0.03,-0.01,2.87,2.83,40,248,16.13,53,227,76.65,11,9,7.7,8.3,2865,2341,5,6.7,0.92,98.7,3866,3284,54.1,2974,2452,54.8,183.5,167.3,155,152,-13,1959,1764,52.6,591,529,52.8,75,11.3,68,11.4
76,21-22,5,Minnesota Wild,29.4,82,53,22,7,113,0.689,305,249,5,4,0.68,-0.02,3.72,3.04,53,258,20.54,63,264,76.14,2,5,10.8,10.8,2666,2577,3,9.3,0.926,101.9,3564,3390,51.3,2702,2563,51.3,182.8,156.2,207,150,30,1800,1514,54.3,516,425,54.8,83,13.9,60,12.4
77,21-22,32,Montreal Canadiens,27.8,82,22,49,11,55,0.335,218,317,3,2,-1.15,0.05,2.66,3.87,34,248,13.71,67,274,75.55,6,12,10.2,9.0,2442,2823,3,7.6,0.915,99.1,3350,3775,47.0,2490,2852,46.6,164.9,199.6,154,195,-6,1671,1987,45.7,544,644,45.8,69,11.3,95,12.9
78,21-22,16,Nashville Predators,27.7,82,45,30,7,97,0.591,262,250,4,2,0.19,0.02,3.2,3.05,63,258,24.42,59,284,79.23,2,5,12.6,11.9,2439,2646,4,8.2,0.925,100.7,3431,3495,49.5,2622,2644,49.8,161.4,169.1,165,156,17,1729,1735,49.9,486,470,50.8,76,13.5,69,12.8
79,21-22,28,New Jersey Devils,25.8,82,27,46,9,63,0.384,245,302,3,5,-0.68,0.04,2.99,3.68,35,225,15.56,42,212,80.19,6,14,8.1,8.4,2562,2540,2,8.0,0.905,98.6,3801,3734,50.4,2888,2874,50.1,185.4,180.3,181,216,-40,1892,1782,51.5,541,489,52.5,82,13.2,92,15.8
80,21-22,20,New York Islanders,30.1,82,37,35,10,84,0.512,229,231,2,6,-0.09,-0.02,2.79,2.82,46,208,22.12,34,215,84.19,5,7,8.9,8.4,2367,2669,9,7.9,0.93,100.9,3350,3929,46.0,2503,2922,46.1,174.9,196.6,159,160,21,1744,1963,47.0,526,602,46.6,74,12.3,66,9.9
81,21-22,8,New York Rangers,26.7,82,52,24,6,110,0.671,250,204,4,3,0.54,-0.03,3.05,2.49,55,218,25.23,40,226,82.3,8,2,8.2,8.2,2392,2528,9,8.0,0.93,101.0,3281,3687,47.1,2483,2756,47.4,163.9,177.1,158,148,23,1618,1853,46.6,494,573,46.3,75,13.2,64,10.0
82,21-22,26,Ottawa Senators,26.6,82,33,42,7,73,0.445,224,264,3,2,-0.44,0.03,2.73,3.22,47,243,19.34,49,249,80.32,9,4,10.0,10.2,2463,2740,2,7.2,0.923,99.5,3512,3821,47.9,2640,2852,48.1,161.6,187.8,147,175,-2,1701,1899,47.3,550,564,49.4,55,9.1,79,12.3
83,21-22,29,Philadelphia Flyers,28.3,82,25,46,11,61,0.372,210,294,1,4,-1.0,0.06,2.56,3.59,30,239,12.55,57,235,75.74,6,11,9.0,9.0,2539,2785,1,7.6,0.919,99.5,3403,3895,46.6,2564,2921,46.7,164.1,185.4,159,189,-9,1644,1876,46.7,542,588,48.0,74,12.0,76,11.4
84,21-22,12,Pittsburgh Penguins,29.7,82,46,25,11,103,0.628,269,222,3,7,0.49,-0.04,3.28,2.71,50,248,20.16,33,212,84.43,3,8,6.9,8.4,2849,2576,7,7.5,0.93,100.5,3845,3540,52.1,2986,2657,52.9,198.7,174.7,180,153,3,1900,1650,53.5,550,524,51.2,80,12.7,69,11.6
85,21-22,22,San Jose Sharks,29.0,82,32,37,13,77,0.47,211,261,3,3,-0.58,0.03,2.57,3.18,41,216,18.98,33,223,85.2,4,11,8.8,8.6,2400,2622,3,7.1,0.92,99.2,3404,4074,45.5,2576,2930,46.8,160.5,180.0,142,179,-18,1658,1866,47.0,548,556,49.6,63,10.3,69,11.0
86,21-22,30,Seattle Kraken,28.7,82,27,49,6,60,0.366,213,284,3,1,-0.8,0.04,2.6,3.46,32,220,14.55,56,223,74.89,8,7,8.5,8.0,2380,2367,3,7.5,0.908,98.3,3508,3415,50.7,2615,2593,50.2,160.2,160.3,152,188,-36,1612,1657,49.3,474,514,48.0,45,8.7,77,13.0
87,21-22,9,St. Louis Blues,28.8,82,49,22,11,109,0.665,309,239,2,3,0.79,-0.05,3.77,2.91,65,241,26.97,35,220,84.09,9,5,7.5,7.9,2492,2591,4,9.6,0.924,102.0,3270,3662,47.2,2528,2886,46.7,182.1,188.6,199,170,36,1835,2002,47.8,501,580,46.3,67,11.8,68,10.5
88,21-22,7,Tampa Bay Lightning,29.6,82,51,23,8,110,0.671,285,228,2,5,0.64,-0.02,3.48,2.78,62,259,23.94,49,252,80.56,7,5,11.0,11.4,2535,2441,3,8.9,0.925,101.4,3459,3336,50.9,2659,2545,51.1,181.2,168.5,183,149,21,1861,1730,51.8,556,510,52.2,77,12.2,70,12.1
89,21-22,4,Toronto Maple Leafs,28.4,82,54,21,7,115,0.701,312,252,3,1,0.69,-0.06,3.8,3.07,63,231,27.27,42,234,82.05,13,4,8.6,8.5,2835,2511,7,8.6,0.915,100.2,3980,3469,53.4,3005,2663,53.0,210.6,170.8,208,182,-14,2168,1803,54.6,629,496,55.9,81,11.4,75,13.1
90,21-22,18,Vancouver Canucks,27.7,82,40,30,12,92,0.561,246,231,3,5,0.16,0.0,3.0,2.82,58,247,23.48,58,231,74.89,5,6,8.0,8.6,2622,2612,1,7.4,0.933,100.7,3616,3667,49.6,2695,2712,49.8,172.6,179.3,156,143,20,1802,1814,49.8,512,525,49.4,60,10.5,62,10.6
91,21-22,17,Vegas Golden Knights,28.5,82,43,31,8,94,0.573,262,244,4,4,0.21,-0.01,3.2,2.98,39,212,18.4,47,208,77.4,10,7,7.6,7.7,2830,2458,3,7.6,0.92,99.6,4027,3635,52.6,3011,2594,53.7,205.7,176.9,183,166,-12,2006,1825,52.4,660,579,53.3,83,11.2,86,12.9
92,21-22,13,Washington Capitals,29.5,82,44,26,12,100,0.61,270,242,5,3,0.35,-0.02,3.29,2.95,48,256,18.75,44,225,80.44,8,9,7.7,8.8,2577,2378,8,8.3,0.922,100.5,3635,3552,50.6,2780,2627,51.4,173.2,165.1,179,157,14,1811,1756,50.8,531,545,49.3,70,11.6,70,11.4
93,21-22,19,Winnipeg Jets,28.2,82,39,32,11,89,0.543,250,253,2,4,-0.04,0.02,3.05,3.09,52,247,21.05,58,232,75.0,9,8,8.8,9.5,2645,2721,5,7.3,0.927,100.0,3576,3657,49.4,2741,2793,49.5,186.6,190.9,156,162,-2,1875,1903,49.6,587,606,49.2,72,10.9,66,9.8
94,22-23,32,Anaheim Ducks,28.2,82,23,47,12,58,0.354,206,335,3,3,-1.54,0.03,2.51,4.09,36,229,15.72,78,280,72.14,1,7,11.3,9.3,2326,3207,1,7.5,0.918,99.3,3233,4349,42.6,2421,3392,41.6,152.9,237.8,143,224,4,1539,2185,41.3,505,743,40.5,53,9.5,80,9.7
95,22-23,27,Arizona Coyotes,26.4,82,28,40,14,70,0.427,225,295,3,4,-0.85,0.01,2.74,3.6,45,238,18.91,81,319,74.61,5,6,11.9,9.0,2119,2874,4,8.4,0.92,100.4,3097,3788,45.0,2313,2870,44.6,153.9,193.0,151,180,10,1571,1940,44.7,531,624,46.0,60,10.2,72,10.3
96,22-23,1,Boston Bruins,29.5,82,65,12,5,135,0.823,301,174,4,3,1.54,-0.02,3.67,2.12,62,279,22.22,36,283,87.28,8,8,10.5,9.9,2703,2447,7,9.0,0.94,103.0,3597,3387,51.5,2723,2504,52.1,190.6,164.2,199,114,59,1892,1767,51.7,582,611,48.8,65,10.0,49,7.4
97,22-23,19,Buffalo Sabres,26.1,82,42,33,7,91,0.555,293,297,3,3,-0.01,0.04,3.57,3.62,63,269,23.42,61,226,73.01,9,7,7.4,8.5,2665,2710,2,8.7,0.911,99.8,3722,3524,51.4,2818,2782,50.3,194.1,207.0,197,204,6,1971,1961,50.1,615,691,47.1,65,9.6,81,10.5
98,22-23,15,Calgary Flames,29.8,82,38,27,17,93,0.567,258,247,2,5,0.05,-0.05,3.15,3.01,50,252,19.84,47,270,82.59,8,6,9.2,8.3,2948,2240,1,7.5,0.909,98.4,4244,3172,57.2,3147,2389,56.8,196.0,161.3,182,169,-22,2044,1658,55.2,689,559,55.2,79,10.3,74,11.7
99,22-23,2,Carolina Hurricanes,29.3,82,52,21,9,113,0.689,262,210,4,3,0.66,0.01,3.2,2.56,50,253,19.76,40,256,84.38,11,6,7.5,7.5,2852,2132,9,7.3,0.92,99.3,4350,2873,60.2,3267,2209,59.7,196.3,148.6,174,139,-13,2129,1455,59.4,801,480,62.5,72,8.2,39,7.5
100,22-23,30,Chicago Blackhawks,28.7,82,26,49,7,59,0.36,202,299,2,2,-1.16,0.02,2.46,3.65,38,232,16.38,55,231,76.19,7,10,8.6,8.9,2210,2758,2,7.4,0.914,98.7,3168,4045,43.9,2380,3017,44.1,153.9,208.4,135,208,-19,1553,2112,42.4,486,682,41.6,61,11.2,80,10.5
101,22-23,6,Colorado Avalanche,28.1,82,51,24,7,109,0.665,274,223,6,3,0.61,-0.05,3.34,2.72,64,261,24.52,52,248,79.03,6,5,8.2,9.3,2727,2539,6,7.6,0.931,100.8,3897,3543,52.4,2816,2644,51.6,190.4,173.6,174,145,12,1880,1678,52.8,573,561,50.5,70,10.9,47,7.7
102,22-23,31,Columbus Blue Jackets,26.7,82,25,48,9,59,0.36,213,329,1,1,-1.34,0.07,2.6,4.01,41,224,18.3,59,237,75.11,5,9,8.0,7.3,2399,2904,0,7.2,0.909,98.1,3525,4316,45.0,2579,3212,44.5,163.3,209.4,143,231,-42,1745,2092,45.5,576,703,45.0,52,8.3,90,11.3
103,22-23,8,Dallas Stars,28.4,82,47,21,14,108,0.659,281,215,4,3,0.75,-0.07,3.43,2.62,64,256,25.0,40,242,83.47,10,5,7.8,8.5,2617,2452,6,8.2,0.928,101.0,3792,3552,51.6,2731,2653,50.7,181.8,164.6,175,145,13,1919,1706,52.9,680,527,56.3,72,9.6,54,9.3
104,22-23,25,Detroit Red Wings,27.3,82,35,37,10,80,0.488,237,275,3,4,-0.44,0.04,2.89,3.35,57,270,21.11,54,249,78.31,5,12,8.1,8.5,2312,2496,4,7.9,0.913,99.1,3164,3705,46.1,2361,2704,46.6,154.0,163.4,146,183,-28,1502,1803,45.4,491,585,45.6,51,9.4,73,11.1
105,22-23,7,Edmonton Oilers,27.9,82,50,23,9,109,0.665,325,256,0,4,0.73,-0.07,3.96,3.12,89,275,32.36,64,278,76.98,18,7,8.6,8.8,2754,2572,2,8.5,0.92,100.5,3714,3406,52.2,2788,2618,51.6,203.1,174.0,191,168,-6,1917,1741,52.4,639,542,54.1,70,9.9,71,11.6
106,22-23,17,Florida Panthers,28.7,82,42,32,8,92,0.561,288,272,2,1,0.24,0.04,3.51,3.32,63,276,22.83,70,291,75.95,6,9,12.2,11.9,3019,2603,3,8.0,0.922,100.2,4023,3384,54.3,3023,2625,53.5,210.5,184.9,191,159,6,2135,1783,54.5,775,658,54.1,73,8.6,59,8.2
107,22-23,10,Los Angeles Kings,28.7,82,47,25,10,104,0.634,274,254,6,3,0.27,-0.02,3.34,3.1,68,269,25.28,65,269,75.84,7,9,8.6,9.9,2658,2289,3,7.7,0.914,99.1,3731,3405,52.3,2807,2415,53.8,184.3,161.1,169,159,-13,1861,1748,51.6,550,553,49.9,61,10.0,59,9.6
108,22-23,11,Minnesota Wild,29.3,82,46,25,11,103,0.628,239,219,7,6,0.21,-0.05,2.91,2.67,54,252,21.43,46,256,82.03,14,3,11.3,11.6,2535,2552,5,7.3,0.932,100.5,3578,3641,49.6,2655,2639,50.2,167.2,170.2,144,140,7,1728,1743,49.8,574,565,50.4,69,10.7,64,10.2
109,22-23,28,Montreal Canadiens,27.3,82,31,45,6,68,0.415,227,305,5,2,-0.85,0.06,2.77,3.72,38,236,16.1,75,275,72.73,8,3,11.6,9.3,2237,2753,1,8.6,0.911,99.7,3261,3924,45.4,2359,2839,45.4,153.5,199.4,162,200,8,1601,2039,44.0,518,718,41.9,66,11.3,90,11.1
110,22-23,18,Nashville Predators,28.3,82,42,32,8,92,0.561,223,236,6,2,-0.12,-0.02,2.72,2.88,44,250,17.6,48,275,82.55,6,6,9.6,8.8,2419,2729,2,7.6,0.93,100.6,3454,3875,47.1,2522,2882,46.7,169.6,189.3,146,153,13,1853,2002,48.1,581,642,47.5,67,10.3,65,9.2
111,22-23,3,New Jersey Devils,26.7,82,52,22,8,112,0.683,289,222,2,4,0.79,0.0,3.52,2.71,49,224,21.88,40,230,82.61,9,8,7.7,7.9,2821,2315,4,8.2,0.922,100.4,4174,3580,53.8,3065,2614,54.0,201.7,155.6,197,154,-3,2165,1724,55.7,745,591,55.8,84,10.1,62,9.5
112,22-23,16,New York Islanders,29.3,82,42,31,9,93,0.567,242,217,1,5,0.25,0.0,2.95,2.65,35,222,15.77,39,219,82.19,6,7,8.0,8.0,2524,2544,8,8.2,0.931,101.3,3818,3842,49.8,2774,2825,49.5,188.3,183.8,176,145,27,1988,1983,50.1,705,669,51.3,71,9.1,65,8.9
113,22-23,9,New York Rangers,27.7,82,47,22,13,107,0.652,273,216,4,3,0.7,0.0,3.33,2.63,59,245,24.08,42,223,81.17,8,5,7.6,9.3,2582,2405,4,8.4,0.926,101.1,3607,3630,49.8,2698,2662,50.3,178.5,180.7,180,153,29,1866,1854,50.2,612,626,49.4,72,10.5,54,7.9
114,22-23,21,Ottawa Senators,27.3,82,39,35,8,86,0.524,259,270,2,1,-0.09,0.04,3.16,3.29,72,306,23.53,59,296,80.07,9,11,12.4,12.2,2746,2572,3,7.1,0.914,98.5,3751,3527,51.5,2801,2580,52.1,176.7,168.5,151,177,-34,1900,1772,51.7,680,611,52.7,68,9.1,76,11.1
115,22-23,26,Philadelphia Flyers,26.8,82,31,38,13,75,0.457,220,276,2,1,-0.62,0.05,2.68,3.37,35,225,15.56,59,233,74.68,11,9,10.4,9.7,2416,2585,3,7.3,0.92,99.3,3554,3940,47.4,2679,2823,48.7,169.2,178.2,152,174,-13,1741,1984,46.7,593,643,48.0,65,9.9,74,10.3
116,22-23,20,Pittsburgh Penguins,31.0,82,40,31,11,91,0.555,261,263,1,1,0.01,0.04,3.18,3.21,63,290,21.72,55,263,79.09,5,5,8.6,9.2,2818,2687,2,7.2,0.922,99.4,4030,3719,52.0,3006,2767,52.1,201.9,188.1,168,172,-18,2074,1834,53.1,755,625,54.7,75,9.0,77,11.0
117,22-23,29,San Jose Sharks,29.4,82,22,44,16,60,0.366,233,315,1,6,-1.05,0.01,2.84,3.84,41,223,18.39,43,244,82.38,4,13,8.0,7.6,2415,2640,4,8.2,0.902,98.3,3622,3824,48.6,2659,2834,48.4,179.7,187.0,168,220,-45,1922,2009,48.9,666,656,50.4,70,9.5,94,12.5
118,22-23,12,Seattle Kraken,29.0,82,46,28,8,100,0.61,289,252,0,4,0.36,-0.04,3.52,3.07,48,243,19.75,55,236,76.69,6,9,8.5,9.1,2497,2215,3,9.5,0.913,100.8,3759,3344,52.9,2842,2451,53.7,178.1,154.5,209,160,25,1839,1701,51.9,585,588,49.9,82,12.3,87,12.9
119,22-23,23,St. Louis Blues,29.3,82,37,38,7,81,0.494,260,298,3,3,-0.47,-0.01,3.17,3.63,46,238,19.33,60,217,72.35,7,14,7.8,7.6,2341,2652,4,8.8,0.917,100.5,3326,3893,46.1,2527,2922,46.4,174.3,202.5,180,188,20,1716,2058,45.5,488,690,41.4,67,12.1,91,11.7
120,22-23,13,Tampa Bay Lightning,29.9,82,46,30,6,98,0.598,280,252,3,2,0.37,0.02,3.41,3.07,71,280,25.36,53,261,79.69,7,11,12.1,12.3,2621,2582,6,8.2,0.923,100.5,3736,3499,51.6,2795,2637,51.5,196.1,187.7,175,162,5,1963,1854,51.4,706,658,51.8,80,10.2,58,8.1
121,22-23,5,Toronto Maple Leafs,28.6,82,50,21,11,111,0.677,278,220,1,2,0.7,0.0,3.39,2.68,64,246,26.02,45,248,81.85,8,8,8.4,8.4,2628,2420,5,8.4,0.928,101.2,3677,3553,50.9,2788,2605,51.7,201.5,167.4,184,142,8,2037,1783,53.3,659,622,51.4,76,10.3,58,8.5
122,22-23,22,Vancouver Canucks,27.3,82,38,37,7,83,0.506,270,296,6,2,-0.3,-0.04,3.29,3.61,62,273,22.71,69,243,71.6,15,14,9.0,10.0,2438,2527,1,8.5,0.911,99.6,3302,3635,47.6,2470,2728,47.5,172.1,182.7,169,192,-12,1730,1846,48.4,559,633,46.9,79,12.4,74,10.5
123,22-23,4,Vegas Golden Knights,29.1,82,51,22,9,111,0.677,267,225,5,4,0.49,-0.04,3.26,2.74,42,207,20.29,44,195,77.44,10,4,7.2,7.9,2587,2533,3,8.3,0.927,101.0,3810,4061,48.4,2783,2873,49.2,187.3,174.7,185,159,13,1805,1877,49.0,607,600,50.3,81,11.8,56,8.5
124,22-23,24,Washington Capitals,30.9,82,35,37,10,80,0.488,253,261,2,4,-0.1,0.02,3.09,3.18,52,245,21.22,41,226,81.86,4,8,8.7,9.1,2549,2548,5,8.0,0.916,99.6,3787,3814,49.8,2776,2827,49.5,182.2,181.9,174,182,-8,1874,1920,49.4,651,596,52.2,68,9.5,65,9.8
125,22-23,14,Winnipeg Jets,28.7,82,46,33,3,95,0.579,246,224,1,1,0.23,-0.04,3.0,2.73,52,270,19.26,42,239,82.43,7,6,8.5,9.7,2486,2487,4,7.7,0.928,100.5,3687,3440,51.7,2754,2585,51.6,170.9,170.4,158,147,11,1863,1711,52.1,641,566,53.1,58,8.3,64,10.2
126,23-24,30,Anaheim Ducks,27.7,82,27,50,5,59,0.36,203,293,1,2,-1.09,0.02,2.48,3.57,43,235,18.3,91,330,72.42,12,5,13.5,10.9,2194,2666,1,7.1,0.917,98.8,3339,3787,46.9,2418,2787,46.5,142.3,173.3,127,174,-16,1556,1793,46.5,520,632,45.1,52,9.1,78,11.0
127,23-24,27,Arizona Coyotes,26.7,82,36,41,5,77,0.47,254,274,2,0,-0.21,0.01,3.1,3.34,53,241,21.99,63,266,76.32,7,7,11.5,9.9,2273,2598,7,8.8,0.92,100.8,3707,3856,49.0,2636,2878,47.8,160.9,180.1,171,171,19,1763,1817,49.2,618,622,49.8,67,9.8,63,9.2
128,23-24,6,Boston Bruins,28.6,82,47,20,15,109,0.665,263,221,4,3,0.53,0.01,3.21,2.7,54,243,22.22,47,268,82.46,7,6,9.5,8.8,2399,2504,5,8.9,0.934,102.3,3550,3896,47.7,2573,2843,47.5,169.7,163.4,174,135,33,1706,1819,48.4,615,634,49.2,81,11.6,76,10.7
129,23-24,22,Buffalo Sabres,25.7,82,39,37,6,84,0.512,244,243,2,1,0.03,0.01,2.98,2.96,37,223,16.59,49,243,79.84,7,10,9.8,9.2,2534,2402,5,8.1,0.92,100.1,3920,3734,51.2,2823,2751,50.6,168.0,172.8,174,159,20,1794,1867,49.0,580,698,45.4,57,8.9,63,8.3
130,23-24,25,Calgary Flames,29.2,82,38,39,5,81,0.494,253,267,0,4,-0.2,0.02,3.09,3.26,45,252,17.86,47,245,80.82,11,11,9.4,9.2,2572,2438,2,7.7,0.913,99.0,4122,3851,51.7,2917,2732,51.6,170.3,172.5,167,181,-12,1827,1813,50.2,662,627,51.4,63,8.7,61,8.9
131,23-24,3,Carolina Hurricanes,29.4,82,52,23,7,111,0.677,277,211,2,5,0.73,-0.04,3.38,2.57,67,249,26.91,35,258,86.43,11,8,8.5,8.0,2733,2101,8,7.3,0.919,99.3,4699,3119,60.1,3334,2361,58.5,172.8,151.5,169,146,2,2011,1452,58.1,713,529,57.4,61,7.9,58,9.9
132,23-24,31,Chicago Blackhawks,27.4,82,23,53,6,52,0.317,178,289,1,1,-1.29,0.06,2.17,3.52,39,235,16.6,56,231,75.76,3,8,8.7,9.3,2153,2681,1,6.5,0.915,98.1,3384,4257,44.3,2392,3125,43.4,143.8,194.0,118,202,-34,1483,2074,41.7,503,716,41.3,51,9.2,68,8.7
133,23-24,8,Colorado Avalanche,28.8,82,50,25,7,107,0.652,302,252,2,2,0.57,-0.05,3.68,3.07,68,278,24.46,53,264,79.92,7,6,8.9,9.7,2705,2444,4,8.6,0.917,100.4,4194,3690,53.2,2943,2705,52.1,184.5,163.6,196,168,7,1906,1677,53.2,661,609,52.0,64,8.8,70,10.3
134,23-24,29,Columbus Blue Jackets,26.8,82,27,43,12,66,0.402,234,298,3,2,-0.72,0.05,2.85,3.63,32,212,15.09,56,236,76.27,5,6,8.2,7.6,2458,2822,1,8.3,0.919,100.2,3993,4281,48.3,2814,3128,47.4,165.1,195.1,175,196,9,1774,2010,46.9,650,729,47.1,72,10.0,71,8.9
135,23-24,2,Dallas Stars,29.3,82,52,21,9,113,0.689,294,232,4,2,0.74,-0.04,3.59,2.83,58,240,24.17,43,239,82.01,12,4,6.8,7.5,2588,2350,4,8.6,0.919,100.5,4256,3666,53.7,3020,2669,53.1,182.3,151.5,192,160,1,1977,1647,54.6,633,540,54.0,73,10.3,71,11.6
136,23-24,18,Detroit Red Wings,29.3,82,41,32,9,91,0.555,275,273,3,1,0.06,0.02,3.35,3.33,63,273,23.08,49,240,79.58,7,10,8.7,9.9,2375,2657,4,9.2,0.915,100.7,3550,4089,46.5,2534,2983,45.9,150.6,177.0,177,189,14,1570,1906,45.2,504,668,43.0,71,12.3,74,10.0
137,23-24,9,Edmonton Oilers,29.4,82,49,27,6,104,0.634,292,236,2,1,0.65,-0.04,3.56,2.88,64,243,26.34,53,258,79.46,7,5,9.5,8.5,2768,2307,4,8.1,0.921,100.2,4303,3431,55.6,3098,2555,54.8,209.0,158.7,193,153,-10,2106,1687,55.5,765,547,58.3,93,10.8,61,10.0
138,23-24,5,Florida Panthers,29.5,82,52,24,6,110,0.671,265,198,3,2,0.81,-0.02,3.23,2.41,63,268,23.51,51,291,82.47,8,9,13.6,13.5,2764,2279,8,7.2,0.935,100.6,4212,3288,56.2,2895,2490,53.8,166.2,144.8,156,119,16,1889,1550,54.9,673,545,55.3,51,7.0,57,9.5
139,23-24,12,Los Angeles Kings,29.5,82,44,27,11,99,0.604,254,210,2,5,0.45,-0.05,3.1,2.56,56,248,22.58,39,253,84.58,11,7,8.7,9.5,2616,2296,7,7.3,0.923,99.6,4160,3486,54.4,3035,2491,54.9,169.6,146.3,165,143,-1,1843,1593,53.6,645,540,54.4,67,9.4,61,10.1
140,23-24,20,Minnesota Wild,29.3,82,39,34,9,87,0.53,248,260,3,3,-0.14,0.01,3.02,3.17,62,273,22.71,67,263,74.52,3,11,11.4,11.3,2471,2437,6,8.2,0.917,99.9,3710,3662,50.3,2629,2629,50.0,151.2,149.3,159,163,-6,1656,1577,51.2,541,501,51.9,64,10.6,52,9.4
141,23-24,28,Montreal Canadiens,26.7,82,30,36,16,76,0.463,232,281,4,8,-0.59,0.05,2.83,3.43,44,252,17.46,65,277,76.53,7,12,10.2,10.0,2269,2738,2,8.4,0.925,100.9,3581,4159,46.3,2549,2974,46.2,157.6,174.5,160,164,13,1611,1997,44.7,575,716,44.5,73,11.3,59,7.6
142,23-24,11,Nashville Predators,29.5,82,47,30,5,99,0.604,266,248,3,0,0.23,-0.02,3.24,3.02,58,269,21.56,57,247,76.92,7,5,9.7,9.5,2642,2507,4,7.6,0.927,100.4,4052,3765,51.8,2928,2722,51.8,182.3,168.7,168,153,1,1901,1743,52.2,650,601,52.0,72,10.0,55,8.4
143,23-24,23,New Jersey Devils,26.8,82,38,39,5,81,0.494,264,281,0,2,-0.22,0.01,3.22,3.43,55,245,22.45,47,243,80.66,3,9,9.1,9.6,2516,2458,1,8.3,0.912,99.5,4032,3633,52.6,2837,2748,50.8,177.2,173.8,177,185,-11,1895,1756,51.9,720,642,52.9,69,8.7,77,10.7
144,23-24,15,New York Islanders,29.6,82,39,27,16,94,0.573,245,258,1,5,-0.18,0.03,2.99,3.15,47,231,20.35,63,221,71.49,10,3,7.1,7.4,2470,2686,5,7.7,0.93,100.7,3910,4313,47.5,2846,3043,48.3,174.4,177.4,166,158,11,1805,1946,48.1,669,686,49.4,65,8.9,60,8.0
145,23-24,1,New York Rangers,29.1,82,55,23,4,114,0.695,278,226,4,3,0.61,-0.03,3.39,2.76,65,246,26.42,36,232,84.48,8,6,9.4,10.4,2582,2418,6,7.8,0.921,99.9,3959,3874,50.5,2862,2813,50.4,169.0,167.8,166,165,0,1855,1834,50.3,605,657,47.9,55,8.3,73,10.0
146,23-24,26,Ottawa Senators,27.0,82,37,41,4,78,0.476,250,281,5,0,-0.28,0.04,3.05,3.43,51,283,18.02,61,245,75.1,7,6,10.4,11.1,2602,2432,2,7.7,0.909,98.6,3977,3827,51.0,2836,2705,51.2,166.7,163.9,163,192,-32,1782,1767,50.2,670,634,51.4,75,10.1,66,9.4
147,23-24,21,Philadelphia Flyers,27.1,82,38,33,11,87,0.53,231,258,4,3,-0.29,0.03,2.82,3.15,31,254,12.2,40,241,83.4,16,4,10.1,9.7,2708,2225,5,7.1,0.905,97.6,4101,3767,52.1,2973,2528,54.0,177.5,149.8,159,180,-49,1887,1680,52.9,673,589,53.3,66,8.9,70,10.6
148,23-24,19,Pittsburgh Penguins,31.3,82,38,32,12,88,0.537,253,248,2,3,0.05,0.0,3.09,3.02,40,262,15.27,47,243,80.66,5,12,7.4,7.9,2685,2479,8,7.9,0.919,99.8,4190,3919,51.7,2998,2918,50.7,184.6,171.3,179,172,-6,1925,1869,50.7,705,623,53.1,71,9.1,73,10.5
149,23-24,32,San Jose Sharks,27.7,82,19,54,9,47,0.287,180,326,1,5,-1.78,0.05,2.2,3.98,42,208,20.19,62,252,75.4,3,8,9.5,8.2,2069,2881,2,6.6,0.909,97.5,3565,4464,44.4,2490,3267,43.3,135.8,210.9,119,226,-32,1535,2202,41.1,559,751,42.7,44,7.3,82,9.8
150,23-24,24,Seattle Kraken,29.4,82,34,35,13,81,0.494,214,232,3,4,-0.26,-0.03,2.61,2.83,50,242,20.66,47,222,78.83,6,9,8.0,8.1,2347,2391,5,7.1,0.928,100.0,4033,3753,51.8,2763,2796,49.7,155.1,148.1,144,146,-9,1790,1705,51.2,598,583,50.6,46,7.1,52,8.2
151,23-24,16,St. Louis Blues,29.0,82,43,33,6,92,0.561,234,248,5,2,-0.14,-0.01,2.85,3.02,45,250,18.0,46,215,78.6,11,7,7.4,8.6,2370,2636,4,7.7,0.927,100.4,3469,4088,45.9,2548,3055,45.5,157.5,183.7,151,167,10,1617,1944,45.4,543,680,44.4,54,9.0,67,9.0
152,23-24,13,Tampa Bay Lightning,29.1,82,45,29,8,98,0.598,288,267,3,1,0.28,0.0,3.51,3.26,71,248,28.63,39,234,83.33,5,6,11.0,11.0,2401,2430,4,8.6,0.909,99.5,3845,3681,51.1,2674,2653,50.2,167.7,166.6,171,190,-20,1786,1720,50.9,614,622,49.7,69,10.1,74,10.6
153,23-24,10,Toronto Maple Leafs,28.9,82,46,26,10,102,0.622,298,261,5,2,0.5,0.01,3.63,3.18,57,238,23.95,55,238,76.89,6,9,9.9,10.2,2671,2446,5,8.9,0.917,100.5,4102,3869,51.5,2942,2781,51.4,191.4,163.7,200,168,4,2005,1816,52.5,734,659,52.7,81,9.9,67,9.2
154,23-24,7,Vancouver Canucks,28.6,82,50,23,9,109,0.665,279,221,0,2,0.64,-0.04,3.4,2.7,58,257,22.57,53,254,79.13,7,7,9.6,9.7,2328,2343,7,9.6,0.928,102.4,3750,3459,52.0,2666,2540,51.2,168.1,159.1,187,136,42,1737,1593,52.2,613,585,51.2,82,11.8,57,8.9
155,23-24,14,Vegas Golden Knights,29.0,82,45,29,8,98,0.598,263,243,4,2,0.22,-0.05,3.21,2.96,51,252,20.24,44,213,79.34,9,8,7.4,8.5,2548,2487,3,8.1,0.923,100.4,3977,4135,49.0,2806,2861,49.5,174.0,164.6,176,163,4,1787,1847,49.2,648,654,49.8,64,9.0,67,9.3
156,23-24,17,Washington Capitals,30.0,82,40,31,11,91,0.555,216,252,4,5,-0.41,0.04,2.63,3.07,47,228,20.61,49,233,78.97,3,5,7.7,7.4,2172,2503,7,7.8,0.918,99.6,3640,4067,47.2,2518,2923,46.3,150.1,167.1,143,175,-15,1646,1806,47.7,610,637,48.9,63,9.4,69,9.8
157,23-24,4,Winnipeg Jets,29.4,82,52,24,6,110,0.671,259,198,0,1,0.69,-0.04,3.16,2.41,45,240,18.75,51,223,77.13,3,5,8.2,8.9,2488,2429,8,8.2,0.94,102.2,3990,3742,51.6,2915,2758,51.4,171.1,161.9,178,121,48,1800,1718,51.2,602,615,49.5,65,9.7,49,7.4
158,24-25,26,Anaheim Ducks,27.6,62,27,28,7,61,0.492,162,190,3,2,-0.42,0.01,2.61,3.06,21,167,12.57,47,176,73.3,1,4,8.8,8.1,1707,1984,1,7.9,0.928,100.7,2807,3240,46.4,2005,2376,45.8,118.6,145.6,113,120,20,1248,1582,44.1,419,534,44.0,41,8.9,52,8.9
159,24-25,20,Boston Bruins,28.3,65,29,28,8,66,0.508,176,203,0,1,-0.38,0.05,2.71,3.12,29,194,14.95,46,200,77.0,6,10,10.4,9.5,1788,1849,7,7.9,0.923,100.3,2909,3024,49.0,2026,2187,48.1,118.6,126.1,115,117,6,1335,1399,48.8,464,469,49.7,45,8.8,38,7.5
160,24-25,30,Buffalo Sabres,25.8,62,24,32,6,54,0.435,194,217,2,1,-0.38,-0.03,3.13,3.5,30,179,16.76,43,186,76.88,4,6,9.7,9.4,1724,1797,2,9.6,0.91,100.7,2921,2800,51.1,2087,2076,50.1,119.0,134.4,141,135,21,1367,1441,48.7,464,521,47.1,42,8.3,59,10.2
161,24-25,14,Calgary Flames,28.4,63,30,23,10,70,0.556,161,181,3,1,-0.3,-0.02,2.56,2.87,38,179,21.23,47,187,74.87,5,6,10.3,10.3,1822,1842,5,6.4,0.933,99.7,3127,2944,51.5,2163,2105,50.7,119.8,128.5,98,103,4,1337,1384,49.1,462,452,50.5,41,8.2,42,8.5
162,24-25,10,Carolina Hurricanes,29.5,63,37,22,4,78,0.619,200,171,0,2,0.45,0.02,3.17,2.71,35,187,18.72,30,186,83.87,8,3,7.1,7.3,2000,1577,4,7.7,0.909,98.6,3578,2399,59.9,2535,1818,58.2,141.0,119.1,130,123,-15,1676,1247,57.3,591,422,58.3,46,7.2,39,8.5
163,24-25,31,Chicago Blackhawks,28.6,64,20,35,9,49,0.383,177,222,1,2,-0.68,0.04,2.77,3.47,38,148,25.68,35,183,80.87,1,6,8.5,7.2,1568,2050,0,8.8,0.912,100.0,2592,3249,44.4,1851,2409,43.5,114.0,151.4,122,157,2,1184,1584,42.8,376,564,40.0,38,9.2,64,10.2
164,24-25,9,Colorado Avalanche,28.4,64,38,24,2,78,0.609,215,189,1,1,0.4,-0.01,3.36,2.95,45,186,24.19,34,162,79.01,5,4,6.9,7.3,1896,1687,3,8.0,0.912,99.2,3246,2695,54.6,2237,1950,53.4,141.5,124.2,129,126,-14,1519,1287,54.1,487,440,52.5,51,9.5,54,10.9
165,24-25,18,Columbus Blue Jackets,27.5,62,30,24,8,68,0.548,203,204,4,1,0.03,-0.01,3.27,3.29,30,145,20.69,43,170,74.71,8,3,8.3,7.1,1773,1848,2,9.3,0.917,101.0,2886,3132,48.0,2060,2237,47.9,123.3,137.2,144,131,27,1295,1488,46.5,484,535,47.5,53,9.9,60,10.1
166,24-25,3,Dallas Stars,28.3,63,41,20,2,84,0.667,215,164,2,1,0.8,-0.03,3.41,2.6,44,189,23.28,26,166,84.34,6,4,6.6,7.6,1850,1737,3,9.0,0.921,101.1,3052,2881,51.4,2129,2133,50.0,138.9,119.7,142,120,3,1437,1354,51.5,517,459,53.0,56,9.8,50,9.8
167,24-25,23,Detroit Red Wings,29.4,63,30,27,6,66,0.524,178,202,3,0,-0.39,-0.06,2.83,3.21,53,185,28.65,44,147,70.07,2,6,6.0,7.1,1721,1821,3,7.2,0.92,99.2,2861,3005,48.8,2010,2236,47.3,121.3,128.1,103,127,-17,1307,1421,47.9,405,494,45.1,33,7.5,34,6.4
168,24-25,7,Edmonton Oilers,30.4,63,37,22,4,78,0.619,205,185,0,1,0.28,-0.02,3.25,2.94,41,154,26.62,38,151,74.83,3,3,6.9,7.4,2014,1725,3,7.6,0.913,98.9,3258,2737,54.3,2349,1999,54.0,152.2,127.1,134,132,-23,1529,1311,53.8,548,447,55.1,56,9.3,47,9.5
169,24-25,4,Florida Panthers,29.4,64,40,21,3,83,0.648,209,172,4,0,0.64,0.0,3.27,2.69,45,193,23.32,36,189,80.95,12,8,10.0,10.0,2050,1709,7,7.7,0.923,100.1,3289,2582,56.0,2360,1964,54.6,145.7,112.1,131,108,-11,1554,1188,56.7,565,395,58.9,52,8.4,42,9.6
170,24-25,12,Los Angeles Kings,29.2,61,32,20,9,73,0.598,170,160,1,3,0.1,-0.03,2.79,2.62,21,142,14.79,32,172,81.4,2,4,7.8,7.1,1700,1554,2,8.3,0.923,100.6,3093,2663,53.7,2196,1868,54.0,115.0,115.3,125,101,24,1342,1207,52.6,471,418,53.0,48,9.2,44,9.5
171,24-25,11,Minnesota Wild,29.4,63,36,23,4,76,0.603,176,180,2,2,-0.07,-0.01,2.79,2.86,32,158,20.25,48,161,70.19,3,4,8.0,7.9,1734,1880,5,7.7,0.931,100.9,2845,3065,48.1,2027,2227,47.6,116.5,126.8,114,108,16,1260,1344,48.4,425,408,51.0,34,7.4,43,9.5
172,24-25,22,Montreal Canadiens,26.7,63,30,27,6,66,0.524,184,206,2,2,-0.31,0.04,2.92,3.27,40,186,21.51,36,202,82.18,8,6,9.2,8.3,1636,1824,5,8.4,0.905,98.9,2846,3002,48.7,1969,2159,47.7,125.5,136.4,119,146,-16,1368,1471,48.2,448,525,46.0,32,6.7,48,8.4
173,24-25,29,Nashville Predators,30.2,63,24,32,7,55,0.437,166,209,1,0,-0.63,0.04,2.63,3.32,35,175,20.0,36,190,81.05,1,4,9.8,9.0,1884,1836,4,6.6,0.911,97.8,3040,2829,51.8,2148,2095,50.6,133.2,130.3,102,141,-42,1441,1362,51.4,494,420,54.0,43,8.0,38,8.3
174,24-25,13,New Jersey Devils,29.5,64,33,25,6,72,0.563,189,163,1,1,0.45,0.05,2.95,2.55,48,174,27.59,32,182,82.42,5,4,8.9,8.0,1851,1693,8,7.8,0.925,100.3,3116,2882,52.0,2151,2121,50.4,134.1,119.2,118,110,-7,1490,1321,53.0,540,466,53.7,46,7.8,35,7.0
175,24-25,24,New York Islanders,29.7,62,29,26,7,65,0.524,170,183,2,1,-0.22,-0.03,2.74,2.95,19,148,12.84,40,136,70.59,6,4,6.0,6.2,1792,1777,3,8.1,0.926,100.7,3024,3003,50.2,2169,2157,50.1,129.0,132.2,125,112,16,1404,1377,50.5,459,475,49.1,42,8.4,35,6.9
176,24-25,19,New York Rangers,28.8,63,31,26,6,68,0.54,191,190,1,0,0.01,-0.02,3.03,3.02,32,163,19.63,32,188,82.98,11,3,8.5,7.9,1829,1913,7,8.6,0.918,100.4,2986,3066,49.3,2163,2245,49.1,128.1,149.1,134,134,21,1391,1477,48.5,499,520,49.0,49,8.9,43,7.6
177,24-25,16,Ottawa Senators,28.0,62,32,25,5,69,0.556,177,177,1,2,0.02,0.03,2.85,2.85,47,206,22.82,42,182,76.92,9,2,9.0,10.1,1848,1751,8,6.6,0.92,98.6,2909,2783,51.1,2071,2005,50.8,118.9,121.6,98,117,-16,1309,1281,50.5,417,456,47.8,39,8.6,49,9.7
178,24-25,25,Philadelphia Flyers,26.8,64,27,29,8,62,0.484,181,213,4,3,-0.47,0.01,2.83,3.33,26,170,15.29,34,157,78.34,3,6,7.7,7.9,1748,1731,3,8.2,0.903,98.5,2898,3072,48.5,2100,2105,49.9,140.0,124.4,126,147,-37,1397,1401,49.9,482,467,50.8,47,8.9,45,8.8
179,24-25,27,Pittsburgh Penguins,30.8,65,24,31,10,58,0.446,183,236,1,5,-0.85,0.03,2.82,3.63,43,180,23.89,36,169,78.7,4,4,6.8,7.6,1872,1958,1,7.6,0.903,97.9,3266,3022,51.9,2284,2259,50.3,135.8,142.5,121,163,-35,1476,1497,49.6,541,536,50.2,45,7.7,51,8.7
180,24-25,32,San Jose Sharks,27.4,65,17,39,9,43,0.331,170,241,1,4,-1.09,0.05,2.62,3.71,37,185,20.0,52,200,74.0,3,7,8.4,8.3,1771,2075,1,7.8,0.912,98.9,2889,3375,46.1,2028,2444,45.3,121.0,153.4,115,157,-10,1287,1620,44.3,452,560,44.7,42,8.5,53,8.6
181,24-25,28,Seattle Kraken,29.0,64,27,33,4,58,0.453,189,205,1,3,-0.33,-0.05,2.95,3.2,32,174,18.39,33,143,76.92,2,3,6.3,7.2,1733,1840,1,8.6,0.91,99.6,2995,3169,48.6,2150,2319,48.1,113.6,133.6,129,145,4,1261,1436,46.8,433,516,45.6,39,8.3,52,9.2
182,24-25,17,St. Louis Blues,29.2,65,31,27,7,69,0.531,183,193,4,1,-0.04,0.07,2.82,2.97,28,145,19.31,45,156,71.15,2,4,7.2,6.8,1748,1820,4,8.6,0.924,101.0,2939,3020,49.3,2061,2189,48.5,133.9,122.1,132,121,-1,1345,1419,48.7,452,483,48.3,51,10.1,40,7.6
183,24-25,8,Tampa Bay Lightning,29.5,63,37,22,4,78,0.619,223,168,1,1,0.87,-0.01,3.54,2.67,47,180,26.11,30,158,81.01,10,9,8.3,9.2,1819,1808,5,8.9,0.93,102.0,2957,2907,50.4,2113,2160,49.5,142.1,131.7,138,111,17,1395,1382,50.2,476,440,52.0,48,9.2,26,5.6
184,24-25,6,Toronto Maple Leafs,29.2,63,38,22,3,79,0.627,202,186,0,1,0.25,0.01,3.21,2.95,42,174,24.14,39,186,79.03,4,6,7.7,7.5,1791,1841,2,8.4,0.926,101.0,2912,2973,49.5,2086,2150,49.2,135.1,126.7,128,111,9,1348,1416,48.8,449,499,47.4,45,9.1,48,8.8
185,24-25,21,Utah Hockey Club,27.6,63,28,25,10,66,0.524,178,185,1,2,-0.12,0.01,2.83,2.94,42,178,23.6,35,186,81.18,2,5,9.5,9.6,1783,1768,2,7.7,0.922,99.9,3186,2760,53.6,2260,2000,53.1,129.1,121.4,119,114,-3,1455,1248,53.8,509,412,55.3,42,7.6,45,9.8
186,24-25,15,Vancouver Canucks,28.7,62,29,22,11,69,0.556,170,186,1,1,-0.32,-0.06,2.74,3.0,39,173,22.54,32,176,81.82,3,5,9.6,9.3,1581,1680,5,8.1,0.916,99.7,2703,2735,49.7,1885,1990,48.6,112.4,117.7,109,117,-3,1181,1221,49.2,405,420,49.1,39,8.8,40,8.7
187,24-25,5,Vegas Golden Knights,29.2,62,38,18,6,82,0.661,207,166,1,2,0.65,0.0,3.34,2.68,42,150,28.0,29,125,76.8,5,3,5.5,6.3,1895,1633,5,8.2,0.916,99.8,3189,2952,51.9,2309,2134,52.0,141.9,119.9,140,123,-5,1529,1388,52.4,510,483,51.4,47,8.4,45,8.5
188,24-25,2,Washington Capitals,29.3,63,41,14,8,90,0.714,227,162,1,3,1.0,0.0,3.6,2.57,42,178,23.6,34,186,81.72,6,6,8.2,8.0,1738,1711,3,9.9,0.924,102.3,2963,2877,50.7,2119,2024,51.1,132.7,123.0,148,107,31,1373,1315,51.1,447,473,48.6,50,10.1,40,7.8
189,24-25,1,Winnipeg Jets,29.4,64,44,16,4,92,0.719,225,147,1,1,1.13,-0.09,3.52,2.3,56,174,32.18,33,161,79.5,4,2,7.7,8.6,1831,1778,7,8.3,0.939,102.2,3064,3022,50.3,2233,2193,50.5,128.7,119.8,134,92,33,1356,1327,50.5,464,446,51.0,51,9.9,32,6.7
