Date,Visitor,GV,Home,GH
2020-08-01,New York Rangers,2,Carolina Hurricanes,3
2020-08-01,Winnipeg Jets,1,Calgary Flames,4
2020-08-01,Chicago Blackhawks,6,Edmonton Oilers,4
2020-08-01,Florida Panthers,1,New York Islanders,2
2020-08-01,Montreal Canadiens,3,Pittsburgh Penguins,2
2020-08-02,Philadelphia Flyers,4,Boston Bruins,1
2020-08-02,St. Louis Blues,1,Colorado Avalanche,2
2020-08-02,Arizona Coyotes,4,Nashville Predators,3
2020-08-02,Columbus Blue Jackets,2,Toronto Maple Leafs,0
2020-08-02,Minnesota Wild,3,Vancouver Canucks,0
2020-08-03,New York Rangers,1,Carolina Hurricanes,4
2020-08-03,Winnipeg Jets,3,Calgary Flames,2
2020-08-03,Chicago Blackhawks,3,Edmonton Oilers,6
2020-08-03,Montreal Canadiens,1,Pittsburgh Penguins,3
2020-08-03,Washington Capitals,2,Tampa Bay Lightning,3
2020-08-03,Dallas Stars,3,Vegas Golden Knights,5
2020-08-04,Arizona Coyotes,2,Nashville Predators,4
2020-08-04,Florida Panthers,2,New York Islanders,4
2020-08-04,Carolina Hurricanes,4,New York Rangers,1
2020-08-04,Columbus Blue Jackets,0,Toronto Maple Leafs,3
2020-08-04,Minnesota Wild,3,Vancouver Canucks,4
2020-08-04,Calgary Flames,6,Winnipeg Jets,2
2020-08-05,Nashville Predators,1,Arizona Coyotes,4
2020-08-05,Tampa Bay Lightning,3,Boston Bruins,2
2020-08-05,Edmonton Oilers,3,Chicago Blackhawks,4
2020-08-05,Colorado Avalanche,4,Dallas Stars,0
2020-08-05,New York Islanders,2,Florida Panthers,3
2020-08-05,Pittsburgh Penguins,3,Montreal Canadiens,4
2020-08-06,Toronto Maple Leafs,3,Columbus Blue Jackets,4
2020-08-06,Vancouver Canucks,3,Minnesota Wild,0
2020-08-06,Washington Capitals,1,Philadelphia Flyers,3
2020-08-06,Vegas Golden Knights,6,St. Louis Blues,4
2020-08-06,Calgary Flames,4,Winnipeg Jets,0
2020-08-07,Nashville Predators,3,Arizona Coyotes,4
2020-08-07,Toronto Maple Leafs,4,Columbus Blue Jackets,3
2020-08-07,Edmonton Oilers,2,Chicago Blackhawks,3
2020-08-07,New York Islanders,5,Florida Panthers,1
2020-08-07,Vancouver Canucks,5,Minnesota Wild,4
2020-08-07,Pittsburgh Penguins,0,Montreal Canadiens,2
2020-08-08,Vegas Golden Knights,4,Colorado Avalanche,3
2020-08-08,Philadelphia Flyers,4,Tampa Bay Lightning,1
2020-08-09,Dallas Stars,2,St. Louis Blues,1
2020-08-09,Columbus Blue Jackets,3,Toronto Maple Leafs,0
2020-08-09,Boston Bruins,1,Washington Capitals,2
2020-08-11,Calgary Flames,3,Dallas Stars,2
2020-08-11,Columbus Blue Jackets,2,Tampa Bay Lightning,3
2020-08-11,Chicago Blackhawks,1,Vegas Golden Knights,4
2020-08-12,Carolina Hurricanes,3,Boston Bruins,4
2020-08-12,Arizona Coyotes,0,Colorado Avalanche,3
2020-08-12,Montreal Canadiens,1,Philadelphia Flyers,2
2020-08-12,Vancouver Canucks,5,St. Louis Blues,2
2020-08-12,New York Islanders,4,Washington Capitals,2
2020-08-13,Carolina Hurricanes,3,Boston Bruins,2
2020-08-13,Calgary Flames,4,Dallas Stars,5
2020-08-13,Columbus Blue Jackets,3,Tampa Bay Lightning,1
2020-08-13,Chicago Blackhawks,3,Vegas Golden Knights,4
2020-08-14,Dallas Stars,0,Calgary Flames,2
2020-08-14,Arizona Coyotes,2,Colorado Avalanche,3
2020-08-14,Montreal Canadiens,5,Philadelphia Flyers,0
2020-08-14,Vancouver Canucks,4,St. Louis Blues,3
2020-08-14,New York Islanders,5,Washington Capitals,2
2020-08-15,Colorado Avalanche,2,Arizona Coyotes,4
2020-08-15,Boston Bruins,3,Carolina Hurricanes,1
2020-08-15,Tampa Bay Lightning,3,Columbus Blue Jackets,2
2020-08-15,Vegas Golden Knights,2,Chicago Blackhawks,1
2020-08-16,Dallas Stars,5,Calgary Flames,4
2020-08-16,Vegas Golden Knights,1,Chicago Blackhawks,3
2020-08-16,Philadelphia Flyers,1,Montreal Canadiens,0
2020-08-16,Washington Capitals,1,New York Islanders,2
2020-08-16,St. Louis Blues,3,Vancouver Canucks,2
2020-08-17,Colorado Avalanche,7,Arizona Coyotes,1
2020-08-17,Boston Bruins,4,Carolina Hurricanes,3
2020-08-17,Tampa Bay Lightning,2,Columbus Blue Jackets,1
2020-08-17,St. Louis Blues,3,Vancouver Canucks,1
2020-08-18,Calgary Flames,1,Dallas Stars,2
2020-08-18,Philadelphia Flyers,2,Montreal Canadiens,0
2020-08-18,Washington Capitals,3,New York Islanders,2
2020-08-18,Chicago Blackhawks,3,Vegas Golden Knights,4
2020-08-19,Carolina Hurricanes,1,Boston Bruins,2
2020-08-19,Arizona Coyotes,1,Colorado Avalanche,7
2020-08-19,Montreal Canadiens,5,Philadelphia Flyers,3
2020-08-19,Vancouver Canucks,4,St. Louis Blues,3
2020-08-19,Columbus Blue Jackets,4,Tampa Bay Lightning,5
2020-08-20,Dallas Stars,7,Calgary Flames,3
2020-08-20,New York Islanders,4,Washington Capitals,0
2020-08-21,Philadelphia Flyers,3,Montreal Canadiens,2
2020-08-21,St. Louis Blues,2,Vancouver Canucks,6
2020-08-22,Dallas Stars,5,Colorado Avalanche,3
2020-08-23,Boston Bruins,3,Tampa Bay Lightning,2
2020-08-23,Vancouver Canucks,0,Vegas Golden Knights,5
2020-08-24,Dallas Stars,5,Colorado Avalanche,2
2020-08-24,New York Islanders,4,Philadelphia Flyers,0
2020-08-25,Boston Bruins,3,Tampa Bay Lightning,4
2020-08-25,Vancouver Canucks,5,Vegas Golden Knights,2
2020-08-26,Tampa Bay Lightning,7,Boston Bruins,1
2020-08-26,Colorado Avalanche,6,Dallas Stars,4
2020-08-26,New York Islanders,3,Philadelphia Flyers,4
2020-08-29,Tampa Bay Lightning,3,Boston Bruins,1
2020-08-29,Philadelphia Flyers,1,New York Islanders,3
2020-08-29,Vegas Golden Knights,3,Vancouver Canucks,0
2020-08-30,Colorado Avalanche,4,Dallas Stars,5
2020-08-30,Philadelphia Flyers,2,New York Islanders,3
2020-08-30,Vegas Golden Knights,5,Vancouver Canucks,3
2020-08-31,Dallas Stars,3,Colorado Avalanche,6
2020-08-31,Boston Bruins,2,Tampa Bay Lightning,3
2020-09-01,New York Islanders,3,Philadelphia Flyers,4
2020-09-01,Vancouver Canucks,2,Vegas Golden Knights,1
2020-09-02,Colorado Avalanche,4,Dallas Stars,1
2020-09-03,Philadelphia Flyers,5,New York Islanders,4
2020-09-03,Vegas Golden Knights,0,Vancouver Canucks,4
2020-09-04,Dallas Stars,5,Colorado Avalanche,4
2020-09-04,Vancouver Canucks,0,Vegas Golden Knights,3
2020-09-05,New York Islanders,4,Philadelphia Flyers,0
2020-09-06,Dallas Stars,1,Vegas Golden Knights,0
2020-09-07,New York Islanders,2,Tampa Bay Lightning,8
2020-09-08,Dallas Stars,0,Vegas Golden Knights,3
2020-09-09,New York Islanders,1,Tampa Bay Lightning,2
2020-09-10,Vegas Golden Knights,2,Dallas Stars,3
2020-09-11,Tampa Bay Lightning,3,New York Islanders,5
2020-09-12,Vegas Golden Knights,1,Dallas Stars,2
2020-09-13,Tampa Bay Lightning,4,New York Islanders,1
2020-09-14,Dallas Stars,3,Vegas Golden Knights,2
2020-09-15,New York Islanders,2,Tampa Bay Lightning,1
2020-09-17,Tampa Bay Lightning,2,New York Islanders,1
2020-09-19,Dallas Stars,4,Tampa Bay Lightning,1
2020-09-21,Dallas Stars,2,Tampa Bay Lightning,3
2020-09-23,Tampa Bay Lightning,5,Dallas Stars,2
2020-09-25,Tampa Bay Lightning,5,Dallas Stars,4
2020-09-26,Dallas Stars,3,Tampa Bay Lightning,2
2020-09-28,Tampa Bay Lightning,2,Dallas Stars,0